index,trimer
0,AAA
1,AAR
2,AAN
3,AAD
4,AAC
5,AAQ
6,AAE
7,AAG
8,AAH
9,AAI
10,AAL
11,AAK
12,AAM
13,AAF
14,AAP
15,AAS
16,AAs
17,AAT
18,AAW
19,AAY
20,AAV
21,ARA
22,ARR
23,ARN
24,ARD
25,ARC
26,ARQ
27,ARE
28,ARG
29,ARH
30,ARI
31,ARL
32,ARK
33,ARM
34,ARF
35,ARP
36,ARS
37,ARs
38,ART
39,ARW
40,ARY
41,ARV
42,ANA
43,ANR
44,ANN
45,AND
46,ANC
47,ANQ
48,ANE
49,ANG
50,ANH
51,ANI
52,ANL
53,ANK
54,ANM
55,ANF
56,ANP
57,ANS
58,ANs
59,ANT
60,ANW
61,ANY
62,ANV
63,ADA
64,ADR
65,ADN
66,ADD
67,ADC
68,ADQ
69,ADE
70,ADG
71,ADH
72,ADI
73,ADL
74,ADK
75,ADM
76,ADF
77,ADP
78,ADS
79,ADs
80,ADT
81,ADW
82,ADY
83,ADV
84,ACA
85,ACR
86,ACN
87,ACD
88,ACC
89,ACQ
90,ACE
91,ACG
92,ACH
93,ACI
94,ACL
95,ACK
96,ACM
97,ACF
98,ACP
99,ACS
100,ACs
101,ACT
102,ACW
103,ACY
104,ACV
105,AQA
106,AQR
107,AQN
108,AQD
109,AQC
110,AQQ
111,AQE
112,AQG
113,AQH
114,AQI
115,AQL
116,AQK
117,AQM
118,AQF
119,AQP
120,AQS
121,AQs
122,AQT
123,AQW
124,AQY
125,AQV
126,AEA
127,AER
128,AEN
129,AED
130,AEC
131,AEQ
132,AEE
133,AEG
134,AEH
135,AEI
136,AEL
137,AEK
138,AEM
139,AEF
140,AEP
141,AES
142,AEs
143,AET
144,AEW
145,AEY
146,AEV
147,AGA
148,AGR
149,AGN
150,AGD
151,AGC
152,AGQ
153,AGE
154,AGG
155,AGH
156,AGI
157,AGL
158,AGK
159,AGM
160,AGF
161,AGP
162,AGS
163,AGs
164,AGT
165,AGW
166,AGY
167,AGV
168,AHA
169,AHR
170,AHN
171,AHD
172,AHC
173,AHQ
174,AHE
175,AHG
176,AHH
177,AHI
178,AHL
179,AHK
180,AHM
181,AHF
182,AHP
183,AHS
184,AHs
185,AHT
186,AHW
187,AHY
188,AHV
189,AIA
190,AIR
191,AIN
192,AID
193,AIC
194,AIQ
195,AIE
196,AIG
197,AIH
198,AII
199,AIL
200,AIK
201,AIM
202,AIF
203,AIP
204,AIS
205,AIs
206,AIT
207,AIW
208,AIY
209,AIV
210,ALA
211,ALR
212,ALN
213,ALD
214,ALC
215,ALQ
216,ALE
217,ALG
218,ALH
219,ALI
220,ALL
221,ALK
222,ALM
223,ALF
224,ALP
225,ALS
226,ALs
227,ALT
228,ALW
229,ALY
230,ALV
231,AKA
232,AKR
233,AKN
234,AKD
235,AKC
236,AKQ
237,AKE
238,AKG
239,AKH
240,AKI
241,AKL
242,AKK
243,AKM
244,AKF
245,AKP
246,AKS
247,AKs
248,AKT
249,AKW
250,AKY
251,AKV
252,AMA
253,AMR
254,AMN
255,AMD
256,AMC
257,AMQ
258,AME
259,AMG
260,AMH
261,AMI
262,AML
263,AMK
264,AMM
265,AMF
266,AMP
267,AMS
268,AMs
269,AMT
270,AMW
271,AMY
272,AMV
273,AFA
274,AFR
275,AFN
276,AFD
277,AFC
278,AFQ
279,AFE
280,AFG
281,AFH
282,AFI
283,AFL
284,AFK
285,AFM
286,AFF
287,AFP
288,AFS
289,AFs
290,AFT
291,AFW
292,AFY
293,AFV
294,APA
295,APR
296,APN
297,APD
298,APC
299,APQ
300,APE
301,APG
302,APH
303,API
304,APL
305,APK
306,APM
307,APF
308,APP
309,APS
310,APs
311,APT
312,APW
313,APY
314,APV
315,ASA
316,ASR
317,ASN
318,ASD
319,ASC
320,ASQ
321,ASE
322,ASG
323,ASH
324,ASI
325,ASL
326,ASK
327,ASM
328,ASF
329,ASP
330,ASS
331,ASs
332,AST
333,ASW
334,ASY
335,ASV
336,AsA
337,AsR
338,AsN
339,AsD
340,AsC
341,AsQ
342,AsE
343,AsG
344,AsH
345,AsI
346,AsL
347,AsK
348,AsM
349,AsF
350,AsP
351,AsS
352,Ass
353,AsT
354,AsW
355,AsY
356,AsV
357,ATA
358,ATR
359,ATN
360,ATD
361,ATC
362,ATQ
363,ATE
364,ATG
365,ATH
366,ATI
367,ATL
368,ATK
369,ATM
370,ATF
371,ATP
372,ATS
373,ATs
374,ATT
375,ATW
376,ATY
377,ATV
378,AWA
379,AWR
380,AWN
381,AWD
382,AWC
383,AWQ
384,AWE
385,AWG
386,AWH
387,AWI
388,AWL
389,AWK
390,AWM
391,AWF
392,AWP
393,AWS
394,AWs
395,AWT
396,AWW
397,AWY
398,AWV
399,AYA
400,AYR
401,AYN
402,AYD
403,AYC
404,AYQ
405,AYE
406,AYG
407,AYH
408,AYI
409,AYL
410,AYK
411,AYM
412,AYF
413,AYP
414,AYS
415,AYs
416,AYT
417,AYW
418,AYY
419,AYV
420,AVA
421,AVR
422,AVN
423,AVD
424,AVC
425,AVQ
426,AVE
427,AVG
428,AVH
429,AVI
430,AVL
431,AVK
432,AVM
433,AVF
434,AVP
435,AVS
436,AVs
437,AVT
438,AVW
439,AVY
440,AVV
441,RAA
442,RAR
443,RAN
444,RAD
445,RAC
446,RAQ
447,RAE
448,RAG
449,RAH
450,RAI
451,RAL
452,RAK
453,RAM
454,RAF
455,RAP
456,RAS
457,RAs
458,RAT
459,RAW
460,RAY
461,RAV
462,RRA
463,RRR
464,RRN
465,RRD
466,RRC
467,RRQ
468,RRE
469,RRG
470,RRH
471,RRI
472,RRL
473,RRK
474,RRM
475,RRF
476,RRP
477,RRS
478,RRs
479,RRT
480,RRW
481,RRY
482,RRV
483,RNA
484,RNR
485,RNN
486,RND
487,RNC
488,RNQ
489,RNE
490,RNG
491,RNH
492,RNI
493,RNL
494,RNK
495,RNM
496,RNF
497,RNP
498,RNS
499,RNs
500,RNT
501,RNW
502,RNY
503,RNV
504,RDA
505,RDR
506,RDN
507,RDD
508,RDC
509,RDQ
510,RDE
511,RDG
512,RDH
513,RDI
514,RDL
515,RDK
516,RDM
517,RDF
518,RDP
519,RDS
520,RDs
521,RDT
522,RDW
523,RDY
524,RDV
525,RCA
526,RCR
527,RCN
528,RCD
529,RCC
530,RCQ
531,RCE
532,RCG
533,RCH
534,RCI
535,RCL
536,RCK
537,RCM
538,RCF
539,RCP
540,RCS
541,RCs
542,RCT
543,RCW
544,RCY
545,RCV
546,RQA
547,RQR
548,RQN
549,RQD
550,RQC
551,RQQ
552,RQE
553,RQG
554,RQH
555,RQI
556,RQL
557,RQK
558,RQM
559,RQF
560,RQP
561,RQS
562,RQs
563,RQT
564,RQW
565,RQY
566,RQV
567,REA
568,RER
569,REN
570,RED
571,REC
572,REQ
573,REE
574,REG
575,REH
576,REI
577,REL
578,REK
579,REM
580,REF
581,REP
582,RES
583,REs
584,RET
585,REW
586,REY
587,REV
588,RGA
589,RGR
590,RGN
591,RGD
592,RGC
593,RGQ
594,RGE
595,RGG
596,RGH
597,RGI
598,RGL
599,RGK
600,RGM
601,RGF
602,RGP
603,RGS
604,RGs
605,RGT
606,RGW
607,RGY
608,RGV
609,RHA
610,RHR
611,RHN
612,RHD
613,RHC
614,RHQ
615,RHE
616,RHG
617,RHH
618,RHI
619,RHL
620,RHK
621,RHM
622,RHF
623,RHP
624,RHS
625,RHs
626,RHT
627,RHW
628,RHY
629,RHV
630,RIA
631,RIR
632,RIN
633,RID
634,RIC
635,RIQ
636,RIE
637,RIG
638,RIH
639,RII
640,RIL
641,RIK
642,RIM
643,RIF
644,RIP
645,RIS
646,RIs
647,RIT
648,RIW
649,RIY
650,RIV
651,RLA
652,RLR
653,RLN
654,RLD
655,RLC
656,RLQ
657,RLE
658,RLG
659,RLH
660,RLI
661,RLL
662,RLK
663,RLM
664,RLF
665,RLP
666,RLS
667,RLs
668,RLT
669,RLW
670,RLY
671,RLV
672,RKA
673,RKR
674,RKN
675,RKD
676,RKC
677,RKQ
678,RKE
679,RKG
680,RKH
681,RKI
682,RKL
683,RKK
684,RKM
685,RKF
686,RKP
687,RKS
688,RKs
689,RKT
690,RKW
691,RKY
692,RKV
693,RMA
694,RMR
695,RMN
696,RMD
697,RMC
698,RMQ
699,RME
700,RMG
701,RMH
702,RMI
703,RML
704,RMK
705,RMM
706,RMF
707,RMP
708,RMS
709,RMs
710,RMT
711,RMW
712,RMY
713,RMV
714,RFA
715,RFR
716,RFN
717,RFD
718,RFC
719,RFQ
720,RFE
721,RFG
722,RFH
723,RFI
724,RFL
725,RFK
726,RFM
727,RFF
728,RFP
729,RFS
730,RFs
731,RFT
732,RFW
733,RFY
734,RFV
735,RPA
736,RPR
737,RPN
738,RPD
739,RPC
740,RPQ
741,RPE
742,RPG
743,RPH
744,RPI
745,RPL
746,RPK
747,RPM
748,RPF
749,RPP
750,RPS
751,RPs
752,RPT
753,RPW
754,RPY
755,RPV
756,RSA
757,RSR
758,RSN
759,RSD
760,RSC
761,RSQ
762,RSE
763,RSG
764,RSH
765,RSI
766,RSL
767,RSK
768,RSM
769,RSF
770,RSP
771,RSS
772,RSs
773,RST
774,RSW
775,RSY
776,RSV
777,RsA
778,RsR
779,RsN
780,RsD
781,RsC
782,RsQ
783,RsE
784,RsG
785,RsH
786,RsI
787,RsL
788,RsK
789,RsM
790,RsF
791,RsP
792,RsS
793,Rss
794,RsT
795,RsW
796,RsY
797,RsV
798,RTA
799,RTR
800,RTN
801,RTD
802,RTC
803,RTQ
804,RTE
805,RTG
806,RTH
807,RTI
808,RTL
809,RTK
810,RTM
811,RTF
812,RTP
813,RTS
814,RTs
815,RTT
816,RTW
817,RTY
818,RTV
819,RWA
820,RWR
821,RWN
822,RWD
823,RWC
824,RWQ
825,RWE
826,RWG
827,RWH
828,RWI
829,RWL
830,RWK
831,RWM
832,RWF
833,RWP
834,RWS
835,RWs
836,RWT
837,RWW
838,RWY
839,RWV
840,RYA
841,RYR
842,RYN
843,RYD
844,RYC
845,RYQ
846,RYE
847,RYG
848,RYH
849,RYI
850,RYL
851,RYK
852,RYM
853,RYF
854,RYP
855,RYS
856,RYs
857,RYT
858,RYW
859,RYY
860,RYV
861,RVA
862,RVR
863,RVN
864,RVD
865,RVC
866,RVQ
867,RVE
868,RVG
869,RVH
870,RVI
871,RVL
872,RVK
873,RVM
874,RVF
875,RVP
876,RVS
877,RVs
878,RVT
879,RVW
880,RVY
881,RVV
882,NAA
883,NAR
884,NAN
885,NAD
886,NAC
887,NAQ
888,NAE
889,NAG
890,NAH
891,NAI
892,NAL
893,NAK
894,NAM
895,NAF
896,NAP
897,NAS
898,NAs
899,NAT
900,NAW
901,NAY
902,NAV
903,NRA
904,NRR
905,NRN
906,NRD
907,NRC
908,NRQ
909,NRE
910,NRG
911,NRH
912,NRI
913,NRL
914,NRK
915,NRM
916,NRF
917,NRP
918,NRS
919,NRs
920,NRT
921,NRW
922,NRY
923,NRV
924,NNA
925,NNR
926,NNN
927,NND
928,NNC
929,NNQ
930,NNE
931,NNG
932,NNH
933,NNI
934,NNL
935,NNK
936,NNM
937,NNF
938,NNP
939,NNS
940,NNs
941,NNT
942,NNW
943,NNY
944,NNV
945,NDA
946,NDR
947,NDN
948,NDD
949,NDC
950,NDQ
951,NDE
952,NDG
953,NDH
954,NDI
955,NDL
956,NDK
957,NDM
958,NDF
959,NDP
960,NDS
961,NDs
962,NDT
963,NDW
964,NDY
965,NDV
966,NCA
967,NCR
968,NCN
969,NCD
970,NCC
971,NCQ
972,NCE
973,NCG
974,NCH
975,NCI
976,NCL
977,NCK
978,NCM
979,NCF
980,NCP
981,NCS
982,NCs
983,NCT
984,NCW
985,NCY
986,NCV
987,NQA
988,NQR
989,NQN
990,NQD
991,NQC
992,NQQ
993,NQE
994,NQG
995,NQH
996,NQI
997,NQL
998,NQK
999,NQM
1000,NQF
1001,NQP
1002,NQS
1003,NQs
1004,NQT
1005,NQW
1006,NQY
1007,NQV
1008,NEA
1009,NER
1010,NEN
1011,NED
1012,NEC
1013,NEQ
1014,NEE
1015,NEG
1016,NEH
1017,NEI
1018,NEL
1019,NEK
1020,NEM
1021,NEF
1022,NEP
1023,NES
1024,NEs
1025,NET
1026,NEW
1027,NEY
1028,NEV
1029,NGA
1030,NGR
1031,NGN
1032,NGD
1033,NGC
1034,NGQ
1035,NGE
1036,NGG
1037,NGH
1038,NGI
1039,NGL
1040,NGK
1041,NGM
1042,NGF
1043,NGP
1044,NGS
1045,NGs
1046,NGT
1047,NGW
1048,NGY
1049,NGV
1050,NHA
1051,NHR
1052,NHN
1053,NHD
1054,NHC
1055,NHQ
1056,NHE
1057,NHG
1058,NHH
1059,NHI
1060,NHL
1061,NHK
1062,NHM
1063,NHF
1064,NHP
1065,NHS
1066,NHs
1067,NHT
1068,NHW
1069,NHY
1070,NHV
1071,NIA
1072,NIR
1073,NIN
1074,NID
1075,NIC
1076,NIQ
1077,NIE
1078,NIG
1079,NIH
1080,NII
1081,NIL
1082,NIK
1083,NIM
1084,NIF
1085,NIP
1086,NIS
1087,NIs
1088,NIT
1089,NIW
1090,NIY
1091,NIV
1092,NLA
1093,NLR
1094,NLN
1095,NLD
1096,NLC
1097,NLQ
1098,NLE
1099,NLG
1100,NLH
1101,NLI
1102,NLL
1103,NLK
1104,NLM
1105,NLF
1106,NLP
1107,NLS
1108,NLs
1109,NLT
1110,NLW
1111,NLY
1112,NLV
1113,NKA
1114,NKR
1115,NKN
1116,NKD
1117,NKC
1118,NKQ
1119,NKE
1120,NKG
1121,NKH
1122,NKI
1123,NKL
1124,NKK
1125,NKM
1126,NKF
1127,NKP
1128,NKS
1129,NKs
1130,NKT
1131,NKW
1132,NKY
1133,NKV
1134,NMA
1135,NMR
1136,NMN
1137,NMD
1138,NMC
1139,NMQ
1140,NME
1141,NMG
1142,NMH
1143,NMI
1144,NML
1145,NMK
1146,NMM
1147,NMF
1148,NMP
1149,NMS
1150,NMs
1151,NMT
1152,NMW
1153,NMY
1154,NMV
1155,NFA
1156,NFR
1157,NFN
1158,NFD
1159,NFC
1160,NFQ
1161,NFE
1162,NFG
1163,NFH
1164,NFI
1165,NFL
1166,NFK
1167,NFM
1168,NFF
1169,NFP
1170,NFS
1171,NFs
1172,NFT
1173,NFW
1174,NFY
1175,NFV
1176,NPA
1177,NPR
1178,NPN
1179,NPD
1180,NPC
1181,NPQ
1182,NPE
1183,NPG
1184,NPH
1185,NPI
1186,NPL
1187,NPK
1188,NPM
1189,NPF
1190,NPP
1191,NPS
1192,NPs
1193,NPT
1194,NPW
1195,NPY
1196,NPV
1197,NSA
1198,NSR
1199,NSN
1200,NSD
1201,NSC
1202,NSQ
1203,NSE
1204,NSG
1205,NSH
1206,NSI
1207,NSL
1208,NSK
1209,NSM
1210,NSF
1211,NSP
1212,NSS
1213,NSs
1214,NST
1215,NSW
1216,NSY
1217,NSV
1218,NsA
1219,NsR
1220,NsN
1221,NsD
1222,NsC
1223,NsQ
1224,NsE
1225,NsG
1226,NsH
1227,NsI
1228,NsL
1229,NsK
1230,NsM
1231,NsF
1232,NsP
1233,NsS
1234,Nss
1235,NsT
1236,NsW
1237,NsY
1238,NsV
1239,NTA
1240,NTR
1241,NTN
1242,NTD
1243,NTC
1244,NTQ
1245,NTE
1246,NTG
1247,NTH
1248,NTI
1249,NTL
1250,NTK
1251,NTM
1252,NTF
1253,NTP
1254,NTS
1255,NTs
1256,NTT
1257,NTW
1258,NTY
1259,NTV
1260,NWA
1261,NWR
1262,NWN
1263,NWD
1264,NWC
1265,NWQ
1266,NWE
1267,NWG
1268,NWH
1269,NWI
1270,NWL
1271,NWK
1272,NWM
1273,NWF
1274,NWP
1275,NWS
1276,NWs
1277,NWT
1278,NWW
1279,NWY
1280,NWV
1281,NYA
1282,NYR
1283,NYN
1284,NYD
1285,NYC
1286,NYQ
1287,NYE
1288,NYG
1289,NYH
1290,NYI
1291,NYL
1292,NYK
1293,NYM
1294,NYF
1295,NYP
1296,NYS
1297,NYs
1298,NYT
1299,NYW
1300,NYY
1301,NYV
1302,NVA
1303,NVR
1304,NVN
1305,NVD
1306,NVC
1307,NVQ
1308,NVE
1309,NVG
1310,NVH
1311,NVI
1312,NVL
1313,NVK
1314,NVM
1315,NVF
1316,NVP
1317,NVS
1318,NVs
1319,NVT
1320,NVW
1321,NVY
1322,NVV
1323,DAA
1324,DAR
1325,DAN
1326,DAD
1327,DAC
1328,DAQ
1329,DAE
1330,DAG
1331,DAH
1332,DAI
1333,DAL
1334,DAK
1335,DAM
1336,DAF
1337,DAP
1338,DAS
1339,DAs
1340,DAT
1341,DAW
1342,DAY
1343,DAV
1344,DRA
1345,DRR
1346,DRN
1347,DRD
1348,DRC
1349,DRQ
1350,DRE
1351,DRG
1352,DRH
1353,DRI
1354,DRL
1355,DRK
1356,DRM
1357,DRF
1358,DRP
1359,DRS
1360,DRs
1361,DRT
1362,DRW
1363,DRY
1364,DRV
1365,DNA
1366,DNR
1367,DNN
1368,DND
1369,DNC
1370,DNQ
1371,DNE
1372,DNG
1373,DNH
1374,DNI
1375,DNL
1376,DNK
1377,DNM
1378,DNF
1379,DNP
1380,DNS
1381,DNs
1382,DNT
1383,DNW
1384,DNY
1385,DNV
1386,DDA
1387,DDR
1388,DDN
1389,DDD
1390,DDC
1391,DDQ
1392,DDE
1393,DDG
1394,DDH
1395,DDI
1396,DDL
1397,DDK
1398,DDM
1399,DDF
1400,DDP
1401,DDS
1402,DDs
1403,DDT
1404,DDW
1405,DDY
1406,DDV
1407,DCA
1408,DCR
1409,DCN
1410,DCD
1411,DCC
1412,DCQ
1413,DCE
1414,DCG
1415,DCH
1416,DCI
1417,DCL
1418,DCK
1419,DCM
1420,DCF
1421,DCP
1422,DCS
1423,DCs
1424,DCT
1425,DCW
1426,DCY
1427,DCV
1428,DQA
1429,DQR
1430,DQN
1431,DQD
1432,DQC
1433,DQQ
1434,DQE
1435,DQG
1436,DQH
1437,DQI
1438,DQL
1439,DQK
1440,DQM
1441,DQF
1442,DQP
1443,DQS
1444,DQs
1445,DQT
1446,DQW
1447,DQY
1448,DQV
1449,DEA
1450,DER
1451,DEN
1452,DED
1453,DEC
1454,DEQ
1455,DEE
1456,DEG
1457,DEH
1458,DEI
1459,DEL
1460,DEK
1461,DEM
1462,DEF
1463,DEP
1464,DES
1465,DEs
1466,DET
1467,DEW
1468,DEY
1469,DEV
1470,DGA
1471,DGR
1472,DGN
1473,DGD
1474,DGC
1475,DGQ
1476,DGE
1477,DGG
1478,DGH
1479,DGI
1480,DGL
1481,DGK
1482,DGM
1483,DGF
1484,DGP
1485,DGS
1486,DGs
1487,DGT
1488,DGW
1489,DGY
1490,DGV
1491,DHA
1492,DHR
1493,DHN
1494,DHD
1495,DHC
1496,DHQ
1497,DHE
1498,DHG
1499,DHH
1500,DHI
1501,DHL
1502,DHK
1503,DHM
1504,DHF
1505,DHP
1506,DHS
1507,DHs
1508,DHT
1509,DHW
1510,DHY
1511,DHV
1512,DIA
1513,DIR
1514,DIN
1515,DID
1516,DIC
1517,DIQ
1518,DIE
1519,DIG
1520,DIH
1521,DII
1522,DIL
1523,DIK
1524,DIM
1525,DIF
1526,DIP
1527,DIS
1528,DIs
1529,DIT
1530,DIW
1531,DIY
1532,DIV
1533,DLA
1534,DLR
1535,DLN
1536,DLD
1537,DLC
1538,DLQ
1539,DLE
1540,DLG
1541,DLH
1542,DLI
1543,DLL
1544,DLK
1545,DLM
1546,DLF
1547,DLP
1548,DLS
1549,DLs
1550,DLT
1551,DLW
1552,DLY
1553,DLV
1554,DKA
1555,DKR
1556,DKN
1557,DKD
1558,DKC
1559,DKQ
1560,DKE
1561,DKG
1562,DKH
1563,DKI
1564,DKL
1565,DKK
1566,DKM
1567,DKF
1568,DKP
1569,DKS
1570,DKs
1571,DKT
1572,DKW
1573,DKY
1574,DKV
1575,DMA
1576,DMR
1577,DMN
1578,DMD
1579,DMC
1580,DMQ
1581,DME
1582,DMG
1583,DMH
1584,DMI
1585,DML
1586,DMK
1587,DMM
1588,DMF
1589,DMP
1590,DMS
1591,DMs
1592,DMT
1593,DMW
1594,DMY
1595,DMV
1596,DFA
1597,DFR
1598,DFN
1599,DFD
1600,DFC
1601,DFQ
1602,DFE
1603,DFG
1604,DFH
1605,DFI
1606,DFL
1607,DFK
1608,DFM
1609,DFF
1610,DFP
1611,DFS
1612,DFs
1613,DFT
1614,DFW
1615,DFY
1616,DFV
1617,DPA
1618,DPR
1619,DPN
1620,DPD
1621,DPC
1622,DPQ
1623,DPE
1624,DPG
1625,DPH
1626,DPI
1627,DPL
1628,DPK
1629,DPM
1630,DPF
1631,DPP
1632,DPS
1633,DPs
1634,DPT
1635,DPW
1636,DPY
1637,DPV
1638,DSA
1639,DSR
1640,DSN
1641,DSD
1642,DSC
1643,DSQ
1644,DSE
1645,DSG
1646,DSH
1647,DSI
1648,DSL
1649,DSK
1650,DSM
1651,DSF
1652,DSP
1653,DSS
1654,DSs
1655,DST
1656,DSW
1657,DSY
1658,DSV
1659,DsA
1660,DsR
1661,DsN
1662,DsD
1663,DsC
1664,DsQ
1665,DsE
1666,DsG
1667,DsH
1668,DsI
1669,DsL
1670,DsK
1671,DsM
1672,DsF
1673,DsP
1674,DsS
1675,Dss
1676,DsT
1677,DsW
1678,DsY
1679,DsV
1680,DTA
1681,DTR
1682,DTN
1683,DTD
1684,DTC
1685,DTQ
1686,DTE
1687,DTG
1688,DTH
1689,DTI
1690,DTL
1691,DTK
1692,DTM
1693,DTF
1694,DTP
1695,DTS
1696,DTs
1697,DTT
1698,DTW
1699,DTY
1700,DTV
1701,DWA
1702,DWR
1703,DWN
1704,DWD
1705,DWC
1706,DWQ
1707,DWE
1708,DWG
1709,DWH
1710,DWI
1711,DWL
1712,DWK
1713,DWM
1714,DWF
1715,DWP
1716,DWS
1717,DWs
1718,DWT
1719,DWW
1720,DWY
1721,DWV
1722,DYA
1723,DYR
1724,DYN
1725,DYD
1726,DYC
1727,DYQ
1728,DYE
1729,DYG
1730,DYH
1731,DYI
1732,DYL
1733,DYK
1734,DYM
1735,DYF
1736,DYP
1737,DYS
1738,DYs
1739,DYT
1740,DYW
1741,DYY
1742,DYV
1743,DVA
1744,DVR
1745,DVN
1746,DVD
1747,DVC
1748,DVQ
1749,DVE
1750,DVG
1751,DVH
1752,DVI
1753,DVL
1754,DVK
1755,DVM
1756,DVF
1757,DVP
1758,DVS
1759,DVs
1760,DVT
1761,DVW
1762,DVY
1763,DVV
1764,CAA
1765,CAR
1766,CAN
1767,CAD
1768,CAC
1769,CAQ
1770,CAE
1771,CAG
1772,CAH
1773,CAI
1774,CAL
1775,CAK
1776,CAM
1777,CAF
1778,CAP
1779,CAS
1780,CAs
1781,CAT
1782,CAW
1783,CAY
1784,CAV
1785,CRA
1786,CRR
1787,CRN
1788,CRD
1789,CRC
1790,CRQ
1791,CRE
1792,CRG
1793,CRH
1794,CRI
1795,CRL
1796,CRK
1797,CRM
1798,CRF
1799,CRP
1800,CRS
1801,CRs
1802,CRT
1803,CRW
1804,CRY
1805,CRV
1806,CNA
1807,CNR
1808,CNN
1809,CND
1810,CNC
1811,CNQ
1812,CNE
1813,CNG
1814,CNH
1815,CNI
1816,CNL
1817,CNK
1818,CNM
1819,CNF
1820,CNP
1821,CNS
1822,CNs
1823,CNT
1824,CNW
1825,CNY
1826,CNV
1827,CDA
1828,CDR
1829,CDN
1830,CDD
1831,CDC
1832,CDQ
1833,CDE
1834,CDG
1835,CDH
1836,CDI
1837,CDL
1838,CDK
1839,CDM
1840,CDF
1841,CDP
1842,CDS
1843,CDs
1844,CDT
1845,CDW
1846,CDY
1847,CDV
1848,CCA
1849,CCR
1850,CCN
1851,CCD
1852,CCC
1853,CCQ
1854,CCE
1855,CCG
1856,CCH
1857,CCI
1858,CCL
1859,CCK
1860,CCM
1861,CCF
1862,CCP
1863,CCS
1864,CCs
1865,CCT
1866,CCW
1867,CCY
1868,CCV
1869,CQA
1870,CQR
1871,CQN
1872,CQD
1873,CQC
1874,CQQ
1875,CQE
1876,CQG
1877,CQH
1878,CQI
1879,CQL
1880,CQK
1881,CQM
1882,CQF
1883,CQP
1884,CQS
1885,CQs
1886,CQT
1887,CQW
1888,CQY
1889,CQV
1890,CEA
1891,CER
1892,CEN
1893,CED
1894,CEC
1895,CEQ
1896,CEE
1897,CEG
1898,CEH
1899,CEI
1900,CEL
1901,CEK
1902,CEM
1903,CEF
1904,CEP
1905,CES
1906,CEs
1907,CET
1908,CEW
1909,CEY
1910,CEV
1911,CGA
1912,CGR
1913,CGN
1914,CGD
1915,CGC
1916,CGQ
1917,CGE
1918,CGG
1919,CGH
1920,CGI
1921,CGL
1922,CGK
1923,CGM
1924,CGF
1925,CGP
1926,CGS
1927,CGs
1928,CGT
1929,CGW
1930,CGY
1931,CGV
1932,CHA
1933,CHR
1934,CHN
1935,CHD
1936,CHC
1937,CHQ
1938,CHE
1939,CHG
1940,CHH
1941,CHI
1942,CHL
1943,CHK
1944,CHM
1945,CHF
1946,CHP
1947,CHS
1948,CHs
1949,CHT
1950,CHW
1951,CHY
1952,CHV
1953,CIA
1954,CIR
1955,CIN
1956,CID
1957,CIC
1958,CIQ
1959,CIE
1960,CIG
1961,CIH
1962,CII
1963,CIL
1964,CIK
1965,CIM
1966,CIF
1967,CIP
1968,CIS
1969,CIs
1970,CIT
1971,CIW
1972,CIY
1973,CIV
1974,CLA
1975,CLR
1976,CLN
1977,CLD
1978,CLC
1979,CLQ
1980,CLE
1981,CLG
1982,CLH
1983,CLI
1984,CLL
1985,CLK
1986,CLM
1987,CLF
1988,CLP
1989,CLS
1990,CLs
1991,CLT
1992,CLW
1993,CLY
1994,CLV
1995,CKA
1996,CKR
1997,CKN
1998,CKD
1999,CKC
2000,CKQ
2001,CKE
2002,CKG
2003,CKH
2004,CKI
2005,CKL
2006,CKK
2007,CKM
2008,CKF
2009,CKP
2010,CKS
2011,CKs
2012,CKT
2013,CKW
2014,CKY
2015,CKV
2016,CMA
2017,CMR
2018,CMN
2019,CMD
2020,CMC
2021,CMQ
2022,CME
2023,CMG
2024,CMH
2025,CMI
2026,CML
2027,CMK
2028,CMM
2029,CMF
2030,CMP
2031,CMS
2032,CMs
2033,CMT
2034,CMW
2035,CMY
2036,CMV
2037,CFA
2038,CFR
2039,CFN
2040,CFD
2041,CFC
2042,CFQ
2043,CFE
2044,CFG
2045,CFH
2046,CFI
2047,CFL
2048,CFK
2049,CFM
2050,CFF
2051,CFP
2052,CFS
2053,CFs
2054,CFT
2055,CFW
2056,CFY
2057,CFV
2058,CPA
2059,CPR
2060,CPN
2061,CPD
2062,CPC
2063,CPQ
2064,CPE
2065,CPG
2066,CPH
2067,CPI
2068,CPL
2069,CPK
2070,CPM
2071,CPF
2072,CPP
2073,CPS
2074,CPs
2075,CPT
2076,CPW
2077,CPY
2078,CPV
2079,CSA
2080,CSR
2081,CSN
2082,CSD
2083,CSC
2084,CSQ
2085,CSE
2086,CSG
2087,CSH
2088,CSI
2089,CSL
2090,CSK
2091,CSM
2092,CSF
2093,CSP
2094,CSS
2095,CSs
2096,CST
2097,CSW
2098,CSY
2099,CSV
2100,CsA
2101,CsR
2102,CsN
2103,CsD
2104,CsC
2105,CsQ
2106,CsE
2107,CsG
2108,CsH
2109,CsI
2110,CsL
2111,CsK
2112,CsM
2113,CsF
2114,CsP
2115,CsS
2116,Css
2117,CsT
2118,CsW
2119,CsY
2120,CsV
2121,CTA
2122,CTR
2123,CTN
2124,CTD
2125,CTC
2126,CTQ
2127,CTE
2128,CTG
2129,CTH
2130,CTI
2131,CTL
2132,CTK
2133,CTM
2134,CTF
2135,CTP
2136,CTS
2137,CTs
2138,CTT
2139,CTW
2140,CTY
2141,CTV
2142,CWA
2143,CWR
2144,CWN
2145,CWD
2146,CWC
2147,CWQ
2148,CWE
2149,CWG
2150,CWH
2151,CWI
2152,CWL
2153,CWK
2154,CWM
2155,CWF
2156,CWP
2157,CWS
2158,CWs
2159,CWT
2160,CWW
2161,CWY
2162,CWV
2163,CYA
2164,CYR
2165,CYN
2166,CYD
2167,CYC
2168,CYQ
2169,CYE
2170,CYG
2171,CYH
2172,CYI
2173,CYL
2174,CYK
2175,CYM
2176,CYF
2177,CYP
2178,CYS
2179,CYs
2180,CYT
2181,CYW
2182,CYY
2183,CYV
2184,CVA
2185,CVR
2186,CVN
2187,CVD
2188,CVC
2189,CVQ
2190,CVE
2191,CVG
2192,CVH
2193,CVI
2194,CVL
2195,CVK
2196,CVM
2197,CVF
2198,CVP
2199,CVS
2200,CVs
2201,CVT
2202,CVW
2203,CVY
2204,CVV
2205,QAA
2206,QAR
2207,QAN
2208,QAD
2209,QAC
2210,QAQ
2211,QAE
2212,QAG
2213,QAH
2214,QAI
2215,QAL
2216,QAK
2217,QAM
2218,QAF
2219,QAP
2220,QAS
2221,QAs
2222,QAT
2223,QAW
2224,QAY
2225,QAV
2226,QRA
2227,QRR
2228,QRN
2229,QRD
2230,QRC
2231,QRQ
2232,QRE
2233,QRG
2234,QRH
2235,QRI
2236,QRL
2237,QRK
2238,QRM
2239,QRF
2240,QRP
2241,QRS
2242,QRs
2243,QRT
2244,QRW
2245,QRY
2246,QRV
2247,QNA
2248,QNR
2249,QNN
2250,QND
2251,QNC
2252,QNQ
2253,QNE
2254,QNG
2255,QNH
2256,QNI
2257,QNL
2258,QNK
2259,QNM
2260,QNF
2261,QNP
2262,QNS
2263,QNs
2264,QNT
2265,QNW
2266,QNY
2267,QNV
2268,QDA
2269,QDR
2270,QDN
2271,QDD
2272,QDC
2273,QDQ
2274,QDE
2275,QDG
2276,QDH
2277,QDI
2278,QDL
2279,QDK
2280,QDM
2281,QDF
2282,QDP
2283,QDS
2284,QDs
2285,QDT
2286,QDW
2287,QDY
2288,QDV
2289,QCA
2290,QCR
2291,QCN
2292,QCD
2293,QCC
2294,QCQ
2295,QCE
2296,QCG
2297,QCH
2298,QCI
2299,QCL
2300,QCK
2301,QCM
2302,QCF
2303,QCP
2304,QCS
2305,QCs
2306,QCT
2307,QCW
2308,QCY
2309,QCV
2310,QQA
2311,QQR
2312,QQN
2313,QQD
2314,QQC
2315,QQQ
2316,QQE
2317,QQG
2318,QQH
2319,QQI
2320,QQL
2321,QQK
2322,QQM
2323,QQF
2324,QQP
2325,QQS
2326,QQs
2327,QQT
2328,QQW
2329,QQY
2330,QQV
2331,QEA
2332,QER
2333,QEN
2334,QED
2335,QEC
2336,QEQ
2337,QEE
2338,QEG
2339,QEH
2340,QEI
2341,QEL
2342,QEK
2343,QEM
2344,QEF
2345,QEP
2346,QES
2347,QEs
2348,QET
2349,QEW
2350,QEY
2351,QEV
2352,QGA
2353,QGR
2354,QGN
2355,QGD
2356,QGC
2357,QGQ
2358,QGE
2359,QGG
2360,QGH
2361,QGI
2362,QGL
2363,QGK
2364,QGM
2365,QGF
2366,QGP
2367,QGS
2368,QGs
2369,QGT
2370,QGW
2371,QGY
2372,QGV
2373,QHA
2374,QHR
2375,QHN
2376,QHD
2377,QHC
2378,QHQ
2379,QHE
2380,QHG
2381,QHH
2382,QHI
2383,QHL
2384,QHK
2385,QHM
2386,QHF
2387,QHP
2388,QHS
2389,QHs
2390,QHT
2391,QHW
2392,QHY
2393,QHV
2394,QIA
2395,QIR
2396,QIN
2397,QID
2398,QIC
2399,QIQ
2400,QIE
2401,QIG
2402,QIH
2403,QII
2404,QIL
2405,QIK
2406,QIM
2407,QIF
2408,QIP
2409,QIS
2410,QIs
2411,QIT
2412,QIW
2413,QIY
2414,QIV
2415,QLA
2416,QLR
2417,QLN
2418,QLD
2419,QLC
2420,QLQ
2421,QLE
2422,QLG
2423,QLH
2424,QLI
2425,QLL
2426,QLK
2427,QLM
2428,QLF
2429,QLP
2430,QLS
2431,QLs
2432,QLT
2433,QLW
2434,QLY
2435,QLV
2436,QKA
2437,QKR
2438,QKN
2439,QKD
2440,QKC
2441,QKQ
2442,QKE
2443,QKG
2444,QKH
2445,QKI
2446,QKL
2447,QKK
2448,QKM
2449,QKF
2450,QKP
2451,QKS
2452,QKs
2453,QKT
2454,QKW
2455,QKY
2456,QKV
2457,QMA
2458,QMR
2459,QMN
2460,QMD
2461,QMC
2462,QMQ
2463,QME
2464,QMG
2465,QMH
2466,QMI
2467,QML
2468,QMK
2469,QMM
2470,QMF
2471,QMP
2472,QMS
2473,QMs
2474,QMT
2475,QMW
2476,QMY
2477,QMV
2478,QFA
2479,QFR
2480,QFN
2481,QFD
2482,QFC
2483,QFQ
2484,QFE
2485,QFG
2486,QFH
2487,QFI
2488,QFL
2489,QFK
2490,QFM
2491,QFF
2492,QFP
2493,QFS
2494,QFs
2495,QFT
2496,QFW
2497,QFY
2498,QFV
2499,QPA
2500,QPR
2501,QPN
2502,QPD
2503,QPC
2504,QPQ
2505,QPE
2506,QPG
2507,QPH
2508,QPI
2509,QPL
2510,QPK
2511,QPM
2512,QPF
2513,QPP
2514,QPS
2515,QPs
2516,QPT
2517,QPW
2518,QPY
2519,QPV
2520,QSA
2521,QSR
2522,QSN
2523,QSD
2524,QSC
2525,QSQ
2526,QSE
2527,QSG
2528,QSH
2529,QSI
2530,QSL
2531,QSK
2532,QSM
2533,QSF
2534,QSP
2535,QSS
2536,QSs
2537,QST
2538,QSW
2539,QSY
2540,QSV
2541,QsA
2542,QsR
2543,QsN
2544,QsD
2545,QsC
2546,QsQ
2547,QsE
2548,QsG
2549,QsH
2550,QsI
2551,QsL
2552,QsK
2553,QsM
2554,QsF
2555,QsP
2556,QsS
2557,Qss
2558,QsT
2559,QsW
2560,QsY
2561,QsV
2562,QTA
2563,QTR
2564,QTN
2565,QTD
2566,QTC
2567,QTQ
2568,QTE
2569,QTG
2570,QTH
2571,QTI
2572,QTL
2573,QTK
2574,QTM
2575,QTF
2576,QTP
2577,QTS
2578,QTs
2579,QTT
2580,QTW
2581,QTY
2582,QTV
2583,QWA
2584,QWR
2585,QWN
2586,QWD
2587,QWC
2588,QWQ
2589,QWE
2590,QWG
2591,QWH
2592,QWI
2593,QWL
2594,QWK
2595,QWM
2596,QWF
2597,QWP
2598,QWS
2599,QWs
2600,QWT
2601,QWW
2602,QWY
2603,QWV
2604,QYA
2605,QYR
2606,QYN
2607,QYD
2608,QYC
2609,QYQ
2610,QYE
2611,QYG
2612,QYH
2613,QYI
2614,QYL
2615,QYK
2616,QYM
2617,QYF
2618,QYP
2619,QYS
2620,QYs
2621,QYT
2622,QYW
2623,QYY
2624,QYV
2625,QVA
2626,QVR
2627,QVN
2628,QVD
2629,QVC
2630,QVQ
2631,QVE
2632,QVG
2633,QVH
2634,QVI
2635,QVL
2636,QVK
2637,QVM
2638,QVF
2639,QVP
2640,QVS
2641,QVs
2642,QVT
2643,QVW
2644,QVY
2645,QVV
2646,EAA
2647,EAR
2648,EAN
2649,EAD
2650,EAC
2651,EAQ
2652,EAE
2653,EAG
2654,EAH
2655,EAI
2656,EAL
2657,EAK
2658,EAM
2659,EAF
2660,EAP
2661,EAS
2662,EAs
2663,EAT
2664,EAW
2665,EAY
2666,EAV
2667,ERA
2668,ERR
2669,ERN
2670,ERD
2671,ERC
2672,ERQ
2673,ERE
2674,ERG
2675,ERH
2676,ERI
2677,ERL
2678,ERK
2679,ERM
2680,ERF
2681,ERP
2682,ERS
2683,ERs
2684,ERT
2685,ERW
2686,ERY
2687,ERV
2688,ENA
2689,ENR
2690,ENN
2691,END
2692,ENC
2693,ENQ
2694,ENE
2695,ENG
2696,ENH
2697,ENI
2698,ENL
2699,ENK
2700,ENM
2701,ENF
2702,ENP
2703,ENS
2704,ENs
2705,ENT
2706,ENW
2707,ENY
2708,ENV
2709,EDA
2710,EDR
2711,EDN
2712,EDD
2713,EDC
2714,EDQ
2715,EDE
2716,EDG
2717,EDH
2718,EDI
2719,EDL
2720,EDK
2721,EDM
2722,EDF
2723,EDP
2724,EDS
2725,EDs
2726,EDT
2727,EDW
2728,EDY
2729,EDV
2730,ECA
2731,ECR
2732,ECN
2733,ECD
2734,ECC
2735,ECQ
2736,ECE
2737,ECG
2738,ECH
2739,ECI
2740,ECL
2741,ECK
2742,ECM
2743,ECF
2744,ECP
2745,ECS
2746,ECs
2747,ECT
2748,ECW
2749,ECY
2750,ECV
2751,EQA
2752,EQR
2753,EQN
2754,EQD
2755,EQC
2756,EQQ
2757,EQE
2758,EQG
2759,EQH
2760,EQI
2761,EQL
2762,EQK
2763,EQM
2764,EQF
2765,EQP
2766,EQS
2767,EQs
2768,EQT
2769,EQW
2770,EQY
2771,EQV
2772,EEA
2773,EER
2774,EEN
2775,EED
2776,EEC
2777,EEQ
2778,EEE
2779,EEG
2780,EEH
2781,EEI
2782,EEL
2783,EEK
2784,EEM
2785,EEF
2786,EEP
2787,EES
2788,EEs
2789,EET
2790,EEW
2791,EEY
2792,EEV
2793,EGA
2794,EGR
2795,EGN
2796,EGD
2797,EGC
2798,EGQ
2799,EGE
2800,EGG
2801,EGH
2802,EGI
2803,EGL
2804,EGK
2805,EGM
2806,EGF
2807,EGP
2808,EGS
2809,EGs
2810,EGT
2811,EGW
2812,EGY
2813,EGV
2814,EHA
2815,EHR
2816,EHN
2817,EHD
2818,EHC
2819,EHQ
2820,EHE
2821,EHG
2822,EHH
2823,EHI
2824,EHL
2825,EHK
2826,EHM
2827,EHF
2828,EHP
2829,EHS
2830,EHs
2831,EHT
2832,EHW
2833,EHY
2834,EHV
2835,EIA
2836,EIR
2837,EIN
2838,EID
2839,EIC
2840,EIQ
2841,EIE
2842,EIG
2843,EIH
2844,EII
2845,EIL
2846,EIK
2847,EIM
2848,EIF
2849,EIP
2850,EIS
2851,EIs
2852,EIT
2853,EIW
2854,EIY
2855,EIV
2856,ELA
2857,ELR
2858,ELN
2859,ELD
2860,ELC
2861,ELQ
2862,ELE
2863,ELG
2864,ELH
2865,ELI
2866,ELL
2867,ELK
2868,ELM
2869,ELF
2870,ELP
2871,ELS
2872,ELs
2873,ELT
2874,ELW
2875,ELY
2876,ELV
2877,EKA
2878,EKR
2879,EKN
2880,EKD
2881,EKC
2882,EKQ
2883,EKE
2884,EKG
2885,EKH
2886,EKI
2887,EKL
2888,EKK
2889,EKM
2890,EKF
2891,EKP
2892,EKS
2893,EKs
2894,EKT
2895,EKW
2896,EKY
2897,EKV
2898,EMA
2899,EMR
2900,EMN
2901,EMD
2902,EMC
2903,EMQ
2904,EME
2905,EMG
2906,EMH
2907,EMI
2908,EML
2909,EMK
2910,EMM
2911,EMF
2912,EMP
2913,EMS
2914,EMs
2915,EMT
2916,EMW
2917,EMY
2918,EMV
2919,EFA
2920,EFR
2921,EFN
2922,EFD
2923,EFC
2924,EFQ
2925,EFE
2926,EFG
2927,EFH
2928,EFI
2929,EFL
2930,EFK
2931,EFM
2932,EFF
2933,EFP
2934,EFS
2935,EFs
2936,EFT
2937,EFW
2938,EFY
2939,EFV
2940,EPA
2941,EPR
2942,EPN
2943,EPD
2944,EPC
2945,EPQ
2946,EPE
2947,EPG
2948,EPH
2949,EPI
2950,EPL
2951,EPK
2952,EPM
2953,EPF
2954,EPP
2955,EPS
2956,EPs
2957,EPT
2958,EPW
2959,EPY
2960,EPV
2961,ESA
2962,ESR
2963,ESN
2964,ESD
2965,ESC
2966,ESQ
2967,ESE
2968,ESG
2969,ESH
2970,ESI
2971,ESL
2972,ESK
2973,ESM
2974,ESF
2975,ESP
2976,ESS
2977,ESs
2978,EST
2979,ESW
2980,ESY
2981,ESV
2982,EsA
2983,EsR
2984,EsN
2985,EsD
2986,EsC
2987,EsQ
2988,EsE
2989,EsG
2990,EsH
2991,EsI
2992,EsL
2993,EsK
2994,EsM
2995,EsF
2996,EsP
2997,EsS
2998,Ess
2999,EsT
3000,EsW
3001,EsY
3002,EsV
3003,ETA
3004,ETR
3005,ETN
3006,ETD
3007,ETC
3008,ETQ
3009,ETE
3010,ETG
3011,ETH
3012,ETI
3013,ETL
3014,ETK
3015,ETM
3016,ETF
3017,ETP
3018,ETS
3019,ETs
3020,ETT
3021,ETW
3022,ETY
3023,ETV
3024,EWA
3025,EWR
3026,EWN
3027,EWD
3028,EWC
3029,EWQ
3030,EWE
3031,EWG
3032,EWH
3033,EWI
3034,EWL
3035,EWK
3036,EWM
3037,EWF
3038,EWP
3039,EWS
3040,EWs
3041,EWT
3042,EWW
3043,EWY
3044,EWV
3045,EYA
3046,EYR
3047,EYN
3048,EYD
3049,EYC
3050,EYQ
3051,EYE
3052,EYG
3053,EYH
3054,EYI
3055,EYL
3056,EYK
3057,EYM
3058,EYF
3059,EYP
3060,EYS
3061,EYs
3062,EYT
3063,EYW
3064,EYY
3065,EYV
3066,EVA
3067,EVR
3068,EVN
3069,EVD
3070,EVC
3071,EVQ
3072,EVE
3073,EVG
3074,EVH
3075,EVI
3076,EVL
3077,EVK
3078,EVM
3079,EVF
3080,EVP
3081,EVS
3082,EVs
3083,EVT
3084,EVW
3085,EVY
3086,EVV
3087,GAA
3088,GAR
3089,GAN
3090,GAD
3091,GAC
3092,GAQ
3093,GAE
3094,GAG
3095,GAH
3096,GAI
3097,GAL
3098,GAK
3099,GAM
3100,GAF
3101,GAP
3102,GAS
3103,GAs
3104,GAT
3105,GAW
3106,GAY
3107,GAV
3108,GRA
3109,GRR
3110,GRN
3111,GRD
3112,GRC
3113,GRQ
3114,GRE
3115,GRG
3116,GRH
3117,GRI
3118,GRL
3119,GRK
3120,GRM
3121,GRF
3122,GRP
3123,GRS
3124,GRs
3125,GRT
3126,GRW
3127,GRY
3128,GRV
3129,GNA
3130,GNR
3131,GNN
3132,GND
3133,GNC
3134,GNQ
3135,GNE
3136,GNG
3137,GNH
3138,GNI
3139,GNL
3140,GNK
3141,GNM
3142,GNF
3143,GNP
3144,GNS
3145,GNs
3146,GNT
3147,GNW
3148,GNY
3149,GNV
3150,GDA
3151,GDR
3152,GDN
3153,GDD
3154,GDC
3155,GDQ
3156,GDE
3157,GDG
3158,GDH
3159,GDI
3160,GDL
3161,GDK
3162,GDM
3163,GDF
3164,GDP
3165,GDS
3166,GDs
3167,GDT
3168,GDW
3169,GDY
3170,GDV
3171,GCA
3172,GCR
3173,GCN
3174,GCD
3175,GCC
3176,GCQ
3177,GCE
3178,GCG
3179,GCH
3180,GCI
3181,GCL
3182,GCK
3183,GCM
3184,GCF
3185,GCP
3186,GCS
3187,GCs
3188,GCT
3189,GCW
3190,GCY
3191,GCV
3192,GQA
3193,GQR
3194,GQN
3195,GQD
3196,GQC
3197,GQQ
3198,GQE
3199,GQG
3200,GQH
3201,GQI
3202,GQL
3203,GQK
3204,GQM
3205,GQF
3206,GQP
3207,GQS
3208,GQs
3209,GQT
3210,GQW
3211,GQY
3212,GQV
3213,GEA
3214,GER
3215,GEN
3216,GED
3217,GEC
3218,GEQ
3219,GEE
3220,GEG
3221,GEH
3222,GEI
3223,GEL
3224,GEK
3225,GEM
3226,GEF
3227,GEP
3228,GES
3229,GEs
3230,GET
3231,GEW
3232,GEY
3233,GEV
3234,GGA
3235,GGR
3236,GGN
3237,GGD
3238,GGC
3239,GGQ
3240,GGE
3241,GGG
3242,GGH
3243,GGI
3244,GGL
3245,GGK
3246,GGM
3247,GGF
3248,GGP
3249,GGS
3250,GGs
3251,GGT
3252,GGW
3253,GGY
3254,GGV
3255,GHA
3256,GHR
3257,GHN
3258,GHD
3259,GHC
3260,GHQ
3261,GHE
3262,GHG
3263,GHH
3264,GHI
3265,GHL
3266,GHK
3267,GHM
3268,GHF
3269,GHP
3270,GHS
3271,GHs
3272,GHT
3273,GHW
3274,GHY
3275,GHV
3276,GIA
3277,GIR
3278,GIN
3279,GID
3280,GIC
3281,GIQ
3282,GIE
3283,GIG
3284,GIH
3285,GII
3286,GIL
3287,GIK
3288,GIM
3289,GIF
3290,GIP
3291,GIS
3292,GIs
3293,GIT
3294,GIW
3295,GIY
3296,GIV
3297,GLA
3298,GLR
3299,GLN
3300,GLD
3301,GLC
3302,GLQ
3303,GLE
3304,GLG
3305,GLH
3306,GLI
3307,GLL
3308,GLK
3309,GLM
3310,GLF
3311,GLP
3312,GLS
3313,GLs
3314,GLT
3315,GLW
3316,GLY
3317,GLV
3318,GKA
3319,GKR
3320,GKN
3321,GKD
3322,GKC
3323,GKQ
3324,GKE
3325,GKG
3326,GKH
3327,GKI
3328,GKL
3329,GKK
3330,GKM
3331,GKF
3332,GKP
3333,GKS
3334,GKs
3335,GKT
3336,GKW
3337,GKY
3338,GKV
3339,GMA
3340,GMR
3341,GMN
3342,GMD
3343,GMC
3344,GMQ
3345,GME
3346,GMG
3347,GMH
3348,GMI
3349,GML
3350,GMK
3351,GMM
3352,GMF
3353,GMP
3354,GMS
3355,GMs
3356,GMT
3357,GMW
3358,GMY
3359,GMV
3360,GFA
3361,GFR
3362,GFN
3363,GFD
3364,GFC
3365,GFQ
3366,GFE
3367,GFG
3368,GFH
3369,GFI
3370,GFL
3371,GFK
3372,GFM
3373,GFF
3374,GFP
3375,GFS
3376,GFs
3377,GFT
3378,GFW
3379,GFY
3380,GFV
3381,GPA
3382,GPR
3383,GPN
3384,GPD
3385,GPC
3386,GPQ
3387,GPE
3388,GPG
3389,GPH
3390,GPI
3391,GPL
3392,GPK
3393,GPM
3394,GPF
3395,GPP
3396,GPS
3397,GPs
3398,GPT
3399,GPW
3400,GPY
3401,GPV
3402,GSA
3403,GSR
3404,GSN
3405,GSD
3406,GSC
3407,GSQ
3408,GSE
3409,GSG
3410,GSH
3411,GSI
3412,GSL
3413,GSK
3414,GSM
3415,GSF
3416,GSP
3417,GSS
3418,GSs
3419,GST
3420,GSW
3421,GSY
3422,GSV
3423,GsA
3424,GsR
3425,GsN
3426,GsD
3427,GsC
3428,GsQ
3429,GsE
3430,GsG
3431,GsH
3432,GsI
3433,GsL
3434,GsK
3435,GsM
3436,GsF
3437,GsP
3438,GsS
3439,Gss
3440,GsT
3441,GsW
3442,GsY
3443,GsV
3444,GTA
3445,GTR
3446,GTN
3447,GTD
3448,GTC
3449,GTQ
3450,GTE
3451,GTG
3452,GTH
3453,GTI
3454,GTL
3455,GTK
3456,GTM
3457,GTF
3458,GTP
3459,GTS
3460,GTs
3461,GTT
3462,GTW
3463,GTY
3464,GTV
3465,GWA
3466,GWR
3467,GWN
3468,GWD
3469,GWC
3470,GWQ
3471,GWE
3472,GWG
3473,GWH
3474,GWI
3475,GWL
3476,GWK
3477,GWM
3478,GWF
3479,GWP
3480,GWS
3481,GWs
3482,GWT
3483,GWW
3484,GWY
3485,GWV
3486,GYA
3487,GYR
3488,GYN
3489,GYD
3490,GYC
3491,GYQ
3492,GYE
3493,GYG
3494,GYH
3495,GYI
3496,GYL
3497,GYK
3498,GYM
3499,GYF
3500,GYP
3501,GYS
3502,GYs
3503,GYT
3504,GYW
3505,GYY
3506,GYV
3507,GVA
3508,GVR
3509,GVN
3510,GVD
3511,GVC
3512,GVQ
3513,GVE
3514,GVG
3515,GVH
3516,GVI
3517,GVL
3518,GVK
3519,GVM
3520,GVF
3521,GVP
3522,GVS
3523,GVs
3524,GVT
3525,GVW
3526,GVY
3527,GVV
3528,HAA
3529,HAR
3530,HAN
3531,HAD
3532,HAC
3533,HAQ
3534,HAE
3535,HAG
3536,HAH
3537,HAI
3538,HAL
3539,HAK
3540,HAM
3541,HAF
3542,HAP
3543,HAS
3544,HAs
3545,HAT
3546,HAW
3547,HAY
3548,HAV
3549,HRA
3550,HRR
3551,HRN
3552,HRD
3553,HRC
3554,HRQ
3555,HRE
3556,HRG
3557,HRH
3558,HRI
3559,HRL
3560,HRK
3561,HRM
3562,HRF
3563,HRP
3564,HRS
3565,HRs
3566,HRT
3567,HRW
3568,HRY
3569,HRV
3570,HNA
3571,HNR
3572,HNN
3573,HND
3574,HNC
3575,HNQ
3576,HNE
3577,HNG
3578,HNH
3579,HNI
3580,HNL
3581,HNK
3582,HNM
3583,HNF
3584,HNP
3585,HNS
3586,HNs
3587,HNT
3588,HNW
3589,HNY
3590,HNV
3591,HDA
3592,HDR
3593,HDN
3594,HDD
3595,HDC
3596,HDQ
3597,HDE
3598,HDG
3599,HDH
3600,HDI
3601,HDL
3602,HDK
3603,HDM
3604,HDF
3605,HDP
3606,HDS
3607,HDs
3608,HDT
3609,HDW
3610,HDY
3611,HDV
3612,HCA
3613,HCR
3614,HCN
3615,HCD
3616,HCC
3617,HCQ
3618,HCE
3619,HCG
3620,HCH
3621,HCI
3622,HCL
3623,HCK
3624,HCM
3625,HCF
3626,HCP
3627,HCS
3628,HCs
3629,HCT
3630,HCW
3631,HCY
3632,HCV
3633,HQA
3634,HQR
3635,HQN
3636,HQD
3637,HQC
3638,HQQ
3639,HQE
3640,HQG
3641,HQH
3642,HQI
3643,HQL
3644,HQK
3645,HQM
3646,HQF
3647,HQP
3648,HQS
3649,HQs
3650,HQT
3651,HQW
3652,HQY
3653,HQV
3654,HEA
3655,HER
3656,HEN
3657,HED
3658,HEC
3659,HEQ
3660,HEE
3661,HEG
3662,HEH
3663,HEI
3664,HEL
3665,HEK
3666,HEM
3667,HEF
3668,HEP
3669,HES
3670,HEs
3671,HET
3672,HEW
3673,HEY
3674,HEV
3675,HGA
3676,HGR
3677,HGN
3678,HGD
3679,HGC
3680,HGQ
3681,HGE
3682,HGG
3683,HGH
3684,HGI
3685,HGL
3686,HGK
3687,HGM
3688,HGF
3689,HGP
3690,HGS
3691,HGs
3692,HGT
3693,HGW
3694,HGY
3695,HGV
3696,HHA
3697,HHR
3698,HHN
3699,HHD
3700,HHC
3701,HHQ
3702,HHE
3703,HHG
3704,HHH
3705,HHI
3706,HHL
3707,HHK
3708,HHM
3709,HHF
3710,HHP
3711,HHS
3712,HHs
3713,HHT
3714,HHW
3715,HHY
3716,HHV
3717,HIA
3718,HIR
3719,HIN
3720,HID
3721,HIC
3722,HIQ
3723,HIE
3724,HIG
3725,HIH
3726,HII
3727,HIL
3728,HIK
3729,HIM
3730,HIF
3731,HIP
3732,HIS
3733,HIs
3734,HIT
3735,HIW
3736,HIY
3737,HIV
3738,HLA
3739,HLR
3740,HLN
3741,HLD
3742,HLC
3743,HLQ
3744,HLE
3745,HLG
3746,HLH
3747,HLI
3748,HLL
3749,HLK
3750,HLM
3751,HLF
3752,HLP
3753,HLS
3754,HLs
3755,HLT
3756,HLW
3757,HLY
3758,HLV
3759,HKA
3760,HKR
3761,HKN
3762,HKD
3763,HKC
3764,HKQ
3765,HKE
3766,HKG
3767,HKH
3768,HKI
3769,HKL
3770,HKK
3771,HKM
3772,HKF
3773,HKP
3774,HKS
3775,HKs
3776,HKT
3777,HKW
3778,HKY
3779,HKV
3780,HMA
3781,HMR
3782,HMN
3783,HMD
3784,HMC
3785,HMQ
3786,HME
3787,HMG
3788,HMH
3789,HMI
3790,HML
3791,HMK
3792,HMM
3793,HMF
3794,HMP
3795,HMS
3796,HMs
3797,HMT
3798,HMW
3799,HMY
3800,HMV
3801,HFA
3802,HFR
3803,HFN
3804,HFD
3805,HFC
3806,HFQ
3807,HFE
3808,HFG
3809,HFH
3810,HFI
3811,HFL
3812,HFK
3813,HFM
3814,HFF
3815,HFP
3816,HFS
3817,HFs
3818,HFT
3819,HFW
3820,HFY
3821,HFV
3822,HPA
3823,HPR
3824,HPN
3825,HPD
3826,HPC
3827,HPQ
3828,HPE
3829,HPG
3830,HPH
3831,HPI
3832,HPL
3833,HPK
3834,HPM
3835,HPF
3836,HPP
3837,HPS
3838,HPs
3839,HPT
3840,HPW
3841,HPY
3842,HPV
3843,HSA
3844,HSR
3845,HSN
3846,HSD
3847,HSC
3848,HSQ
3849,HSE
3850,HSG
3851,HSH
3852,HSI
3853,HSL
3854,HSK
3855,HSM
3856,HSF
3857,HSP
3858,HSS
3859,HSs
3860,HST
3861,HSW
3862,HSY
3863,HSV
3864,HsA
3865,HsR
3866,HsN
3867,HsD
3868,HsC
3869,HsQ
3870,HsE
3871,HsG
3872,HsH
3873,HsI
3874,HsL
3875,HsK
3876,HsM
3877,HsF
3878,HsP
3879,HsS
3880,Hss
3881,HsT
3882,HsW
3883,HsY
3884,HsV
3885,HTA
3886,HTR
3887,HTN
3888,HTD
3889,HTC
3890,HTQ
3891,HTE
3892,HTG
3893,HTH
3894,HTI
3895,HTL
3896,HTK
3897,HTM
3898,HTF
3899,HTP
3900,HTS
3901,HTs
3902,HTT
3903,HTW
3904,HTY
3905,HTV
3906,HWA
3907,HWR
3908,HWN
3909,HWD
3910,HWC
3911,HWQ
3912,HWE
3913,HWG
3914,HWH
3915,HWI
3916,HWL
3917,HWK
3918,HWM
3919,HWF
3920,HWP
3921,HWS
3922,HWs
3923,HWT
3924,HWW
3925,HWY
3926,HWV
3927,HYA
3928,HYR
3929,HYN
3930,HYD
3931,HYC
3932,HYQ
3933,HYE
3934,HYG
3935,HYH
3936,HYI
3937,HYL
3938,HYK
3939,HYM
3940,HYF
3941,HYP
3942,HYS
3943,HYs
3944,HYT
3945,HYW
3946,HYY
3947,HYV
3948,HVA
3949,HVR
3950,HVN
3951,HVD
3952,HVC
3953,HVQ
3954,HVE
3955,HVG
3956,HVH
3957,HVI
3958,HVL
3959,HVK
3960,HVM
3961,HVF
3962,HVP
3963,HVS
3964,HVs
3965,HVT
3966,HVW
3967,HVY
3968,HVV
3969,IAA
3970,IAR
3971,IAN
3972,IAD
3973,IAC
3974,IAQ
3975,IAE
3976,IAG
3977,IAH
3978,IAI
3979,IAL
3980,IAK
3981,IAM
3982,IAF
3983,IAP
3984,IAS
3985,IAs
3986,IAT
3987,IAW
3988,IAY
3989,IAV
3990,IRA
3991,IRR
3992,IRN
3993,IRD
3994,IRC
3995,IRQ
3996,IRE
3997,IRG
3998,IRH
3999,IRI
4000,IRL
4001,IRK
4002,IRM
4003,IRF
4004,IRP
4005,IRS
4006,IRs
4007,IRT
4008,IRW
4009,IRY
4010,IRV
4011,INA
4012,INR
4013,INN
4014,IND
4015,INC
4016,INQ
4017,INE
4018,ING
4019,INH
4020,INI
4021,INL
4022,INK
4023,INM
4024,INF
4025,INP
4026,INS
4027,INs
4028,INT
4029,INW
4030,INY
4031,INV
4032,IDA
4033,IDR
4034,IDN
4035,IDD
4036,IDC
4037,IDQ
4038,IDE
4039,IDG
4040,IDH
4041,IDI
4042,IDL
4043,IDK
4044,IDM
4045,IDF
4046,IDP
4047,IDS
4048,IDs
4049,IDT
4050,IDW
4051,IDY
4052,IDV
4053,ICA
4054,ICR
4055,ICN
4056,ICD
4057,ICC
4058,ICQ
4059,ICE
4060,ICG
4061,ICH
4062,ICI
4063,ICL
4064,ICK
4065,ICM
4066,ICF
4067,ICP
4068,ICS
4069,ICs
4070,ICT
4071,ICW
4072,ICY
4073,ICV
4074,IQA
4075,IQR
4076,IQN
4077,IQD
4078,IQC
4079,IQQ
4080,IQE
4081,IQG
4082,IQH
4083,IQI
4084,IQL
4085,IQK
4086,IQM
4087,IQF
4088,IQP
4089,IQS
4090,IQs
4091,IQT
4092,IQW
4093,IQY
4094,IQV
4095,IEA
4096,IER
4097,IEN
4098,IED
4099,IEC
4100,IEQ
4101,IEE
4102,IEG
4103,IEH
4104,IEI
4105,IEL
4106,IEK
4107,IEM
4108,IEF
4109,IEP
4110,IES
4111,IEs
4112,IET
4113,IEW
4114,IEY
4115,IEV
4116,IGA
4117,IGR
4118,IGN
4119,IGD
4120,IGC
4121,IGQ
4122,IGE
4123,IGG
4124,IGH
4125,IGI
4126,IGL
4127,IGK
4128,IGM
4129,IGF
4130,IGP
4131,IGS
4132,IGs
4133,IGT
4134,IGW
4135,IGY
4136,IGV
4137,IHA
4138,IHR
4139,IHN
4140,IHD
4141,IHC
4142,IHQ
4143,IHE
4144,IHG
4145,IHH
4146,IHI
4147,IHL
4148,IHK
4149,IHM
4150,IHF
4151,IHP
4152,IHS
4153,IHs
4154,IHT
4155,IHW
4156,IHY
4157,IHV
4158,IIA
4159,IIR
4160,IIN
4161,IID
4162,IIC
4163,IIQ
4164,IIE
4165,IIG
4166,IIH
4167,III
4168,IIL
4169,IIK
4170,IIM
4171,IIF
4172,IIP
4173,IIS
4174,IIs
4175,IIT
4176,IIW
4177,IIY
4178,IIV
4179,ILA
4180,ILR
4181,ILN
4182,ILD
4183,ILC
4184,ILQ
4185,ILE
4186,ILG
4187,ILH
4188,ILI
4189,ILL
4190,ILK
4191,ILM
4192,ILF
4193,ILP
4194,ILS
4195,ILs
4196,ILT
4197,ILW
4198,ILY
4199,ILV
4200,IKA
4201,IKR
4202,IKN
4203,IKD
4204,IKC
4205,IKQ
4206,IKE
4207,IKG
4208,IKH
4209,IKI
4210,IKL
4211,IKK
4212,IKM
4213,IKF
4214,IKP
4215,IKS
4216,IKs
4217,IKT
4218,IKW
4219,IKY
4220,IKV
4221,IMA
4222,IMR
4223,IMN
4224,IMD
4225,IMC
4226,IMQ
4227,IME
4228,IMG
4229,IMH
4230,IMI
4231,IML
4232,IMK
4233,IMM
4234,IMF
4235,IMP
4236,IMS
4237,IMs
4238,IMT
4239,IMW
4240,IMY
4241,IMV
4242,IFA
4243,IFR
4244,IFN
4245,IFD
4246,IFC
4247,IFQ
4248,IFE
4249,IFG
4250,IFH
4251,IFI
4252,IFL
4253,IFK
4254,IFM
4255,IFF
4256,IFP
4257,IFS
4258,IFs
4259,IFT
4260,IFW
4261,IFY
4262,IFV
4263,IPA
4264,IPR
4265,IPN
4266,IPD
4267,IPC
4268,IPQ
4269,IPE
4270,IPG
4271,IPH
4272,IPI
4273,IPL
4274,IPK
4275,IPM
4276,IPF
4277,IPP
4278,IPS
4279,IPs
4280,IPT
4281,IPW
4282,IPY
4283,IPV
4284,ISA
4285,ISR
4286,ISN
4287,ISD
4288,ISC
4289,ISQ
4290,ISE
4291,ISG
4292,ISH
4293,ISI
4294,ISL
4295,ISK
4296,ISM
4297,ISF
4298,ISP
4299,ISS
4300,ISs
4301,IST
4302,ISW
4303,ISY
4304,ISV
4305,IsA
4306,IsR
4307,IsN
4308,IsD
4309,IsC
4310,IsQ
4311,IsE
4312,IsG
4313,IsH
4314,IsI
4315,IsL
4316,IsK
4317,IsM
4318,IsF
4319,IsP
4320,IsS
4321,Iss
4322,IsT
4323,IsW
4324,IsY
4325,IsV
4326,ITA
4327,ITR
4328,ITN
4329,ITD
4330,ITC
4331,ITQ
4332,ITE
4333,ITG
4334,ITH
4335,ITI
4336,ITL
4337,ITK
4338,ITM
4339,ITF
4340,ITP
4341,ITS
4342,ITs
4343,ITT
4344,ITW
4345,ITY
4346,ITV
4347,IWA
4348,IWR
4349,IWN
4350,IWD
4351,IWC
4352,IWQ
4353,IWE
4354,IWG
4355,IWH
4356,IWI
4357,IWL
4358,IWK
4359,IWM
4360,IWF
4361,IWP
4362,IWS
4363,IWs
4364,IWT
4365,IWW
4366,IWY
4367,IWV
4368,IYA
4369,IYR
4370,IYN
4371,IYD
4372,IYC
4373,IYQ
4374,IYE
4375,IYG
4376,IYH
4377,IYI
4378,IYL
4379,IYK
4380,IYM
4381,IYF
4382,IYP
4383,IYS
4384,IYs
4385,IYT
4386,IYW
4387,IYY
4388,IYV
4389,IVA
4390,IVR
4391,IVN
4392,IVD
4393,IVC
4394,IVQ
4395,IVE
4396,IVG
4397,IVH
4398,IVI
4399,IVL
4400,IVK
4401,IVM
4402,IVF
4403,IVP
4404,IVS
4405,IVs
4406,IVT
4407,IVW
4408,IVY
4409,IVV
4410,LAA
4411,LAR
4412,LAN
4413,LAD
4414,LAC
4415,LAQ
4416,LAE
4417,LAG
4418,LAH
4419,LAI
4420,LAL
4421,LAK
4422,LAM
4423,LAF
4424,LAP
4425,LAS
4426,LAs
4427,LAT
4428,LAW
4429,LAY
4430,LAV
4431,LRA
4432,LRR
4433,LRN
4434,LRD
4435,LRC
4436,LRQ
4437,LRE
4438,LRG
4439,LRH
4440,LRI
4441,LRL
4442,LRK
4443,LRM
4444,LRF
4445,LRP
4446,LRS
4447,LRs
4448,LRT
4449,LRW
4450,LRY
4451,LRV
4452,LNA
4453,LNR
4454,LNN
4455,LND
4456,LNC
4457,LNQ
4458,LNE
4459,LNG
4460,LNH
4461,LNI
4462,LNL
4463,LNK
4464,LNM
4465,LNF
4466,LNP
4467,LNS
4468,LNs
4469,LNT
4470,LNW
4471,LNY
4472,LNV
4473,LDA
4474,LDR
4475,LDN
4476,LDD
4477,LDC
4478,LDQ
4479,LDE
4480,LDG
4481,LDH
4482,LDI
4483,LDL
4484,LDK
4485,LDM
4486,LDF
4487,LDP
4488,LDS
4489,LDs
4490,LDT
4491,LDW
4492,LDY
4493,LDV
4494,LCA
4495,LCR
4496,LCN
4497,LCD
4498,LCC
4499,LCQ
4500,LCE
4501,LCG
4502,LCH
4503,LCI
4504,LCL
4505,LCK
4506,LCM
4507,LCF
4508,LCP
4509,LCS
4510,LCs
4511,LCT
4512,LCW
4513,LCY
4514,LCV
4515,LQA
4516,LQR
4517,LQN
4518,LQD
4519,LQC
4520,LQQ
4521,LQE
4522,LQG
4523,LQH
4524,LQI
4525,LQL
4526,LQK
4527,LQM
4528,LQF
4529,LQP
4530,LQS
4531,LQs
4532,LQT
4533,LQW
4534,LQY
4535,LQV
4536,LEA
4537,LER
4538,LEN
4539,LED
4540,LEC
4541,LEQ
4542,LEE
4543,LEG
4544,LEH
4545,LEI
4546,LEL
4547,LEK
4548,LEM
4549,LEF
4550,LEP
4551,LES
4552,LEs
4553,LET
4554,LEW
4555,LEY
4556,LEV
4557,LGA
4558,LGR
4559,LGN
4560,LGD
4561,LGC
4562,LGQ
4563,LGE
4564,LGG
4565,LGH
4566,LGI
4567,LGL
4568,LGK
4569,LGM
4570,LGF
4571,LGP
4572,LGS
4573,LGs
4574,LGT
4575,LGW
4576,LGY
4577,LGV
4578,LHA
4579,LHR
4580,LHN
4581,LHD
4582,LHC
4583,LHQ
4584,LHE
4585,LHG
4586,LHH
4587,LHI
4588,LHL
4589,LHK
4590,LHM
4591,LHF
4592,LHP
4593,LHS
4594,LHs
4595,LHT
4596,LHW
4597,LHY
4598,LHV
4599,LIA
4600,LIR
4601,LIN
4602,LID
4603,LIC
4604,LIQ
4605,LIE
4606,LIG
4607,LIH
4608,LII
4609,LIL
4610,LIK
4611,LIM
4612,LIF
4613,LIP
4614,LIS
4615,LIs
4616,LIT
4617,LIW
4618,LIY
4619,LIV
4620,LLA
4621,LLR
4622,LLN
4623,LLD
4624,LLC
4625,LLQ
4626,LLE
4627,LLG
4628,LLH
4629,LLI
4630,LLL
4631,LLK
4632,LLM
4633,LLF
4634,LLP
4635,LLS
4636,LLs
4637,LLT
4638,LLW
4639,LLY
4640,LLV
4641,LKA
4642,LKR
4643,LKN
4644,LKD
4645,LKC
4646,LKQ
4647,LKE
4648,LKG
4649,LKH
4650,LKI
4651,LKL
4652,LKK
4653,LKM
4654,LKF
4655,LKP
4656,LKS
4657,LKs
4658,LKT
4659,LKW
4660,LKY
4661,LKV
4662,LMA
4663,LMR
4664,LMN
4665,LMD
4666,LMC
4667,LMQ
4668,LME
4669,LMG
4670,LMH
4671,LMI
4672,LML
4673,LMK
4674,LMM
4675,LMF
4676,LMP
4677,LMS
4678,LMs
4679,LMT
4680,LMW
4681,LMY
4682,LMV
4683,LFA
4684,LFR
4685,LFN
4686,LFD
4687,LFC
4688,LFQ
4689,LFE
4690,LFG
4691,LFH
4692,LFI
4693,LFL
4694,LFK
4695,LFM
4696,LFF
4697,LFP
4698,LFS
4699,LFs
4700,LFT
4701,LFW
4702,LFY
4703,LFV
4704,LPA
4705,LPR
4706,LPN
4707,LPD
4708,LPC
4709,LPQ
4710,LPE
4711,LPG
4712,LPH
4713,LPI
4714,LPL
4715,LPK
4716,LPM
4717,LPF
4718,LPP
4719,LPS
4720,LPs
4721,LPT
4722,LPW
4723,LPY
4724,LPV
4725,LSA
4726,LSR
4727,LSN
4728,LSD
4729,LSC
4730,LSQ
4731,LSE
4732,LSG
4733,LSH
4734,LSI
4735,LSL
4736,LSK
4737,LSM
4738,LSF
4739,LSP
4740,LSS
4741,LSs
4742,LST
4743,LSW
4744,LSY
4745,LSV
4746,LsA
4747,LsR
4748,LsN
4749,LsD
4750,LsC
4751,LsQ
4752,LsE
4753,LsG
4754,LsH
4755,LsI
4756,LsL
4757,LsK
4758,LsM
4759,LsF
4760,LsP
4761,LsS
4762,Lss
4763,LsT
4764,LsW
4765,LsY
4766,LsV
4767,LTA
4768,LTR
4769,LTN
4770,LTD
4771,LTC
4772,LTQ
4773,LTE
4774,LTG
4775,LTH
4776,LTI
4777,LTL
4778,LTK
4779,LTM
4780,LTF
4781,LTP
4782,LTS
4783,LTs
4784,LTT
4785,LTW
4786,LTY
4787,LTV
4788,LWA
4789,LWR
4790,LWN
4791,LWD
4792,LWC
4793,LWQ
4794,LWE
4795,LWG
4796,LWH
4797,LWI
4798,LWL
4799,LWK
4800,LWM
4801,LWF
4802,LWP
4803,LWS
4804,LWs
4805,LWT
4806,LWW
4807,LWY
4808,LWV
4809,LYA
4810,LYR
4811,LYN
4812,LYD
4813,LYC
4814,LYQ
4815,LYE
4816,LYG
4817,LYH
4818,LYI
4819,LYL
4820,LYK
4821,LYM
4822,LYF
4823,LYP
4824,LYS
4825,LYs
4826,LYT
4827,LYW
4828,LYY
4829,LYV
4830,LVA
4831,LVR
4832,LVN
4833,LVD
4834,LVC
4835,LVQ
4836,LVE
4837,LVG
4838,LVH
4839,LVI
4840,LVL
4841,LVK
4842,LVM
4843,LVF
4844,LVP
4845,LVS
4846,LVs
4847,LVT
4848,LVW
4849,LVY
4850,LVV
4851,KAA
4852,KAR
4853,KAN
4854,KAD
4855,KAC
4856,KAQ
4857,KAE
4858,KAG
4859,KAH
4860,KAI
4861,KAL
4862,KAK
4863,KAM
4864,KAF
4865,KAP
4866,KAS
4867,KAs
4868,KAT
4869,KAW
4870,KAY
4871,KAV
4872,KRA
4873,KRR
4874,KRN
4875,KRD
4876,KRC
4877,KRQ
4878,KRE
4879,KRG
4880,KRH
4881,KRI
4882,KRL
4883,KRK
4884,KRM
4885,KRF
4886,KRP
4887,KRS
4888,KRs
4889,KRT
4890,KRW
4891,KRY
4892,KRV
4893,KNA
4894,KNR
4895,KNN
4896,KND
4897,KNC
4898,KNQ
4899,KNE
4900,KNG
4901,KNH
4902,KNI
4903,KNL
4904,KNK
4905,KNM
4906,KNF
4907,KNP
4908,KNS
4909,KNs
4910,KNT
4911,KNW
4912,KNY
4913,KNV
4914,KDA
4915,KDR
4916,KDN
4917,KDD
4918,KDC
4919,KDQ
4920,KDE
4921,KDG
4922,KDH
4923,KDI
4924,KDL
4925,KDK
4926,KDM
4927,KDF
4928,KDP
4929,KDS
4930,KDs
4931,KDT
4932,KDW
4933,KDY
4934,KDV
4935,KCA
4936,KCR
4937,KCN
4938,KCD
4939,KCC
4940,KCQ
4941,KCE
4942,KCG
4943,KCH
4944,KCI
4945,KCL
4946,KCK
4947,KCM
4948,KCF
4949,KCP
4950,KCS
4951,KCs
4952,KCT
4953,KCW
4954,KCY
4955,KCV
4956,KQA
4957,KQR
4958,KQN
4959,KQD
4960,KQC
4961,KQQ
4962,KQE
4963,KQG
4964,KQH
4965,KQI
4966,KQL
4967,KQK
4968,KQM
4969,KQF
4970,KQP
4971,KQS
4972,KQs
4973,KQT
4974,KQW
4975,KQY
4976,KQV
4977,KEA
4978,KER
4979,KEN
4980,KED
4981,KEC
4982,KEQ
4983,KEE
4984,KEG
4985,KEH
4986,KEI
4987,KEL
4988,KEK
4989,KEM
4990,KEF
4991,KEP
4992,KES
4993,KEs
4994,KET
4995,KEW
4996,KEY
4997,KEV
4998,KGA
4999,KGR
5000,KGN
5001,KGD
5002,KGC
5003,KGQ
5004,KGE
5005,KGG
5006,KGH
5007,KGI
5008,KGL
5009,KGK
5010,KGM
5011,KGF
5012,KGP
5013,KGS
5014,KGs
5015,KGT
5016,KGW
5017,KGY
5018,KGV
5019,KHA
5020,KHR
5021,KHN
5022,KHD
5023,KHC
5024,KHQ
5025,KHE
5026,KHG
5027,KHH
5028,KHI
5029,KHL
5030,KHK
5031,KHM
5032,KHF
5033,KHP
5034,KHS
5035,KHs
5036,KHT
5037,KHW
5038,KHY
5039,KHV
5040,KIA
5041,KIR
5042,KIN
5043,KID
5044,KIC
5045,KIQ
5046,KIE
5047,KIG
5048,KIH
5049,KII
5050,KIL
5051,KIK
5052,KIM
5053,KIF
5054,KIP
5055,KIS
5056,KIs
5057,KIT
5058,KIW
5059,KIY
5060,KIV
5061,KLA
5062,KLR
5063,KLN
5064,KLD
5065,KLC
5066,KLQ
5067,KLE
5068,KLG
5069,KLH
5070,KLI
5071,KLL
5072,KLK
5073,KLM
5074,KLF
5075,KLP
5076,KLS
5077,KLs
5078,KLT
5079,KLW
5080,KLY
5081,KLV
5082,KKA
5083,KKR
5084,KKN
5085,KKD
5086,KKC
5087,KKQ
5088,KKE
5089,KKG
5090,KKH
5091,KKI
5092,KKL
5093,KKK
5094,KKM
5095,KKF
5096,KKP
5097,KKS
5098,KKs
5099,KKT
5100,KKW
5101,KKY
5102,KKV
5103,KMA
5104,KMR
5105,KMN
5106,KMD
5107,KMC
5108,KMQ
5109,KME
5110,KMG
5111,KMH
5112,KMI
5113,KML
5114,KMK
5115,KMM
5116,KMF
5117,KMP
5118,KMS
5119,KMs
5120,KMT
5121,KMW
5122,KMY
5123,KMV
5124,KFA
5125,KFR
5126,KFN
5127,KFD
5128,KFC
5129,KFQ
5130,KFE
5131,KFG
5132,KFH
5133,KFI
5134,KFL
5135,KFK
5136,KFM
5137,KFF
5138,KFP
5139,KFS
5140,KFs
5141,KFT
5142,KFW
5143,KFY
5144,KFV
5145,KPA
5146,KPR
5147,KPN
5148,KPD
5149,KPC
5150,KPQ
5151,KPE
5152,KPG
5153,KPH
5154,KPI
5155,KPL
5156,KPK
5157,KPM
5158,KPF
5159,KPP
5160,KPS
5161,KPs
5162,KPT
5163,KPW
5164,KPY
5165,KPV
5166,KSA
5167,KSR
5168,KSN
5169,KSD
5170,KSC
5171,KSQ
5172,KSE
5173,KSG
5174,KSH
5175,KSI
5176,KSL
5177,KSK
5178,KSM
5179,KSF
5180,KSP
5181,KSS
5182,KSs
5183,KST
5184,KSW
5185,KSY
5186,KSV
5187,KsA
5188,KsR
5189,KsN
5190,KsD
5191,KsC
5192,KsQ
5193,KsE
5194,KsG
5195,KsH
5196,KsI
5197,KsL
5198,KsK
5199,KsM
5200,KsF
5201,KsP
5202,KsS
5203,Kss
5204,KsT
5205,KsW
5206,KsY
5207,KsV
5208,KTA
5209,KTR
5210,KTN
5211,KTD
5212,KTC
5213,KTQ
5214,KTE
5215,KTG
5216,KTH
5217,KTI
5218,KTL
5219,KTK
5220,KTM
5221,KTF
5222,KTP
5223,KTS
5224,KTs
5225,KTT
5226,KTW
5227,KTY
5228,KTV
5229,KWA
5230,KWR
5231,KWN
5232,KWD
5233,KWC
5234,KWQ
5235,KWE
5236,KWG
5237,KWH
5238,KWI
5239,KWL
5240,KWK
5241,KWM
5242,KWF
5243,KWP
5244,KWS
5245,KWs
5246,KWT
5247,KWW
5248,KWY
5249,KWV
5250,KYA
5251,KYR
5252,KYN
5253,KYD
5254,KYC
5255,KYQ
5256,KYE
5257,KYG
5258,KYH
5259,KYI
5260,KYL
5261,KYK
5262,KYM
5263,KYF
5264,KYP
5265,KYS
5266,KYs
5267,KYT
5268,KYW
5269,KYY
5270,KYV
5271,KVA
5272,KVR
5273,KVN
5274,KVD
5275,KVC
5276,KVQ
5277,KVE
5278,KVG
5279,KVH
5280,KVI
5281,KVL
5282,KVK
5283,KVM
5284,KVF
5285,KVP
5286,KVS
5287,KVs
5288,KVT
5289,KVW
5290,KVY
5291,KVV
5292,MAA
5293,MAR
5294,MAN
5295,MAD
5296,MAC
5297,MAQ
5298,MAE
5299,MAG
5300,MAH
5301,MAI
5302,MAL
5303,MAK
5304,MAM
5305,MAF
5306,MAP
5307,MAS
5308,MAs
5309,MAT
5310,MAW
5311,MAY
5312,MAV
5313,MRA
5314,MRR
5315,MRN
5316,MRD
5317,MRC
5318,MRQ
5319,MRE
5320,MRG
5321,MRH
5322,MRI
5323,MRL
5324,MRK
5325,MRM
5326,MRF
5327,MRP
5328,MRS
5329,MRs
5330,MRT
5331,MRW
5332,MRY
5333,MRV
5334,MNA
5335,MNR
5336,MNN
5337,MND
5338,MNC
5339,MNQ
5340,MNE
5341,MNG
5342,MNH
5343,MNI
5344,MNL
5345,MNK
5346,MNM
5347,MNF
5348,MNP
5349,MNS
5350,MNs
5351,MNT
5352,MNW
5353,MNY
5354,MNV
5355,MDA
5356,MDR
5357,MDN
5358,MDD
5359,MDC
5360,MDQ
5361,MDE
5362,MDG
5363,MDH
5364,MDI
5365,MDL
5366,MDK
5367,MDM
5368,MDF
5369,MDP
5370,MDS
5371,MDs
5372,MDT
5373,MDW
5374,MDY
5375,MDV
5376,MCA
5377,MCR
5378,MCN
5379,MCD
5380,MCC
5381,MCQ
5382,MCE
5383,MCG
5384,MCH
5385,MCI
5386,MCL
5387,MCK
5388,MCM
5389,MCF
5390,MCP
5391,MCS
5392,MCs
5393,MCT
5394,MCW
5395,MCY
5396,MCV
5397,MQA
5398,MQR
5399,MQN
5400,MQD
5401,MQC
5402,MQQ
5403,MQE
5404,MQG
5405,MQH
5406,MQI
5407,MQL
5408,MQK
5409,MQM
5410,MQF
5411,MQP
5412,MQS
5413,MQs
5414,MQT
5415,MQW
5416,MQY
5417,MQV
5418,MEA
5419,MER
5420,MEN
5421,MED
5422,MEC
5423,MEQ
5424,MEE
5425,MEG
5426,MEH
5427,MEI
5428,MEL
5429,MEK
5430,MEM
5431,MEF
5432,MEP
5433,MES
5434,MEs
5435,MET
5436,MEW
5437,MEY
5438,MEV
5439,MGA
5440,MGR
5441,MGN
5442,MGD
5443,MGC
5444,MGQ
5445,MGE
5446,MGG
5447,MGH
5448,MGI
5449,MGL
5450,MGK
5451,MGM
5452,MGF
5453,MGP
5454,MGS
5455,MGs
5456,MGT
5457,MGW
5458,MGY
5459,MGV
5460,MHA
5461,MHR
5462,MHN
5463,MHD
5464,MHC
5465,MHQ
5466,MHE
5467,MHG
5468,MHH
5469,MHI
5470,MHL
5471,MHK
5472,MHM
5473,MHF
5474,MHP
5475,MHS
5476,MHs
5477,MHT
5478,MHW
5479,MHY
5480,MHV
5481,MIA
5482,MIR
5483,MIN
5484,MID
5485,MIC
5486,MIQ
5487,MIE
5488,MIG
5489,MIH
5490,MII
5491,MIL
5492,MIK
5493,MIM
5494,MIF
5495,MIP
5496,MIS
5497,MIs
5498,MIT
5499,MIW
5500,MIY
5501,MIV
5502,MLA
5503,MLR
5504,MLN
5505,MLD
5506,MLC
5507,MLQ
5508,MLE
5509,MLG
5510,MLH
5511,MLI
5512,MLL
5513,MLK
5514,MLM
5515,MLF
5516,MLP
5517,MLS
5518,MLs
5519,MLT
5520,MLW
5521,MLY
5522,MLV
5523,MKA
5524,MKR
5525,MKN
5526,MKD
5527,MKC
5528,MKQ
5529,MKE
5530,MKG
5531,MKH
5532,MKI
5533,MKL
5534,MKK
5535,MKM
5536,MKF
5537,MKP
5538,MKS
5539,MKs
5540,MKT
5541,MKW
5542,MKY
5543,MKV
5544,MMA
5545,MMR
5546,MMN
5547,MMD
5548,MMC
5549,MMQ
5550,MME
5551,MMG
5552,MMH
5553,MMI
5554,MML
5555,MMK
5556,MMM
5557,MMF
5558,MMP
5559,MMS
5560,MMs
5561,MMT
5562,MMW
5563,MMY
5564,MMV
5565,MFA
5566,MFR
5567,MFN
5568,MFD
5569,MFC
5570,MFQ
5571,MFE
5572,MFG
5573,MFH
5574,MFI
5575,MFL
5576,MFK
5577,MFM
5578,MFF
5579,MFP
5580,MFS
5581,MFs
5582,MFT
5583,MFW
5584,MFY
5585,MFV
5586,MPA
5587,MPR
5588,MPN
5589,MPD
5590,MPC
5591,MPQ
5592,MPE
5593,MPG
5594,MPH
5595,MPI
5596,MPL
5597,MPK
5598,MPM
5599,MPF
5600,MPP
5601,MPS
5602,MPs
5603,MPT
5604,MPW
5605,MPY
5606,MPV
5607,MSA
5608,MSR
5609,MSN
5610,MSD
5611,MSC
5612,MSQ
5613,MSE
5614,MSG
5615,MSH
5616,MSI
5617,MSL
5618,MSK
5619,MSM
5620,MSF
5621,MSP
5622,MSS
5623,MSs
5624,MST
5625,MSW
5626,MSY
5627,MSV
5628,MsA
5629,MsR
5630,MsN
5631,MsD
5632,MsC
5633,MsQ
5634,MsE
5635,MsG
5636,MsH
5637,MsI
5638,MsL
5639,MsK
5640,MsM
5641,MsF
5642,MsP
5643,MsS
5644,Mss
5645,MsT
5646,MsW
5647,MsY
5648,MsV
5649,MTA
5650,MTR
5651,MTN
5652,MTD
5653,MTC
5654,MTQ
5655,MTE
5656,MTG
5657,MTH
5658,MTI
5659,MTL
5660,MTK
5661,MTM
5662,MTF
5663,MTP
5664,MTS
5665,MTs
5666,MTT
5667,MTW
5668,MTY
5669,MTV
5670,MWA
5671,MWR
5672,MWN
5673,MWD
5674,MWC
5675,MWQ
5676,MWE
5677,MWG
5678,MWH
5679,MWI
5680,MWL
5681,MWK
5682,MWM
5683,MWF
5684,MWP
5685,MWS
5686,MWs
5687,MWT
5688,MWW
5689,MWY
5690,MWV
5691,MYA
5692,MYR
5693,MYN
5694,MYD
5695,MYC
5696,MYQ
5697,MYE
5698,MYG
5699,MYH
5700,MYI
5701,MYL
5702,MYK
5703,MYM
5704,MYF
5705,MYP
5706,MYS
5707,MYs
5708,MYT
5709,MYW
5710,MYY
5711,MYV
5712,MVA
5713,MVR
5714,MVN
5715,MVD
5716,MVC
5717,MVQ
5718,MVE
5719,MVG
5720,MVH
5721,MVI
5722,MVL
5723,MVK
5724,MVM
5725,MVF
5726,MVP
5727,MVS
5728,MVs
5729,MVT
5730,MVW
5731,MVY
5732,MVV
5733,FAA
5734,FAR
5735,FAN
5736,FAD
5737,FAC
5738,FAQ
5739,FAE
5740,FAG
5741,FAH
5742,FAI
5743,FAL
5744,FAK
5745,FAM
5746,FAF
5747,FAP
5748,FAS
5749,FAs
5750,FAT
5751,FAW
5752,FAY
5753,FAV
5754,FRA
5755,FRR
5756,FRN
5757,FRD
5758,FRC
5759,FRQ
5760,FRE
5761,FRG
5762,FRH
5763,FRI
5764,FRL
5765,FRK
5766,FRM
5767,FRF
5768,FRP
5769,FRS
5770,FRs
5771,FRT
5772,FRW
5773,FRY
5774,FRV
5775,FNA
5776,FNR
5777,FNN
5778,FND
5779,FNC
5780,FNQ
5781,FNE
5782,FNG
5783,FNH
5784,FNI
5785,FNL
5786,FNK
5787,FNM
5788,FNF
5789,FNP
5790,FNS
5791,FNs
5792,FNT
5793,FNW
5794,FNY
5795,FNV
5796,FDA
5797,FDR
5798,FDN
5799,FDD
5800,FDC
5801,FDQ
5802,FDE
5803,FDG
5804,FDH
5805,FDI
5806,FDL
5807,FDK
5808,FDM
5809,FDF
5810,FDP
5811,FDS
5812,FDs
5813,FDT
5814,FDW
5815,FDY
5816,FDV
5817,FCA
5818,FCR
5819,FCN
5820,FCD
5821,FCC
5822,FCQ
5823,FCE
5824,FCG
5825,FCH
5826,FCI
5827,FCL
5828,FCK
5829,FCM
5830,FCF
5831,FCP
5832,FCS
5833,FCs
5834,FCT
5835,FCW
5836,FCY
5837,FCV
5838,FQA
5839,FQR
5840,FQN
5841,FQD
5842,FQC
5843,FQQ
5844,FQE
5845,FQG
5846,FQH
5847,FQI
5848,FQL
5849,FQK
5850,FQM
5851,FQF
5852,FQP
5853,FQS
5854,FQs
5855,FQT
5856,FQW
5857,FQY
5858,FQV
5859,FEA
5860,FER
5861,FEN
5862,FED
5863,FEC
5864,FEQ
5865,FEE
5866,FEG
5867,FEH
5868,FEI
5869,FEL
5870,FEK
5871,FEM
5872,FEF
5873,FEP
5874,FES
5875,FEs
5876,FET
5877,FEW
5878,FEY
5879,FEV
5880,FGA
5881,FGR
5882,FGN
5883,FGD
5884,FGC
5885,FGQ
5886,FGE
5887,FGG
5888,FGH
5889,FGI
5890,FGL
5891,FGK
5892,FGM
5893,FGF
5894,FGP
5895,FGS
5896,FGs
5897,FGT
5898,FGW
5899,FGY
5900,FGV
5901,FHA
5902,FHR
5903,FHN
5904,FHD
5905,FHC
5906,FHQ
5907,FHE
5908,FHG
5909,FHH
5910,FHI
5911,FHL
5912,FHK
5913,FHM
5914,FHF
5915,FHP
5916,FHS
5917,FHs
5918,FHT
5919,FHW
5920,FHY
5921,FHV
5922,FIA
5923,FIR
5924,FIN
5925,FID
5926,FIC
5927,FIQ
5928,FIE
5929,FIG
5930,FIH
5931,FII
5932,FIL
5933,FIK
5934,FIM
5935,FIF
5936,FIP
5937,FIS
5938,FIs
5939,FIT
5940,FIW
5941,FIY
5942,FIV
5943,FLA
5944,FLR
5945,FLN
5946,FLD
5947,FLC
5948,FLQ
5949,FLE
5950,FLG
5951,FLH
5952,FLI
5953,FLL
5954,FLK
5955,FLM
5956,FLF
5957,FLP
5958,FLS
5959,FLs
5960,FLT
5961,FLW
5962,FLY
5963,FLV
5964,FKA
5965,FKR
5966,FKN
5967,FKD
5968,FKC
5969,FKQ
5970,FKE
5971,FKG
5972,FKH
5973,FKI
5974,FKL
5975,FKK
5976,FKM
5977,FKF
5978,FKP
5979,FKS
5980,FKs
5981,FKT
5982,FKW
5983,FKY
5984,FKV
5985,FMA
5986,FMR
5987,FMN
5988,FMD
5989,FMC
5990,FMQ
5991,FME
5992,FMG
5993,FMH
5994,FMI
5995,FML
5996,FMK
5997,FMM
5998,FMF
5999,FMP
6000,FMS
6001,FMs
6002,FMT
6003,FMW
6004,FMY
6005,FMV
6006,FFA
6007,FFR
6008,FFN
6009,FFD
6010,FFC
6011,FFQ
6012,FFE
6013,FFG
6014,FFH
6015,FFI
6016,FFL
6017,FFK
6018,FFM
6019,FFF
6020,FFP
6021,FFS
6022,FFs
6023,FFT
6024,FFW
6025,FFY
6026,FFV
6027,FPA
6028,FPR
6029,FPN
6030,FPD
6031,FPC
6032,FPQ
6033,FPE
6034,FPG
6035,FPH
6036,FPI
6037,FPL
6038,FPK
6039,FPM
6040,FPF
6041,FPP
6042,FPS
6043,FPs
6044,FPT
6045,FPW
6046,FPY
6047,FPV
6048,FSA
6049,FSR
6050,FSN
6051,FSD
6052,FSC
6053,FSQ
6054,FSE
6055,FSG
6056,FSH
6057,FSI
6058,FSL
6059,FSK
6060,FSM
6061,FSF
6062,FSP
6063,FSS
6064,FSs
6065,FST
6066,FSW
6067,FSY
6068,FSV
6069,FsA
6070,FsR
6071,FsN
6072,FsD
6073,FsC
6074,FsQ
6075,FsE
6076,FsG
6077,FsH
6078,FsI
6079,FsL
6080,FsK
6081,FsM
6082,FsF
6083,FsP
6084,FsS
6085,Fss
6086,FsT
6087,FsW
6088,FsY
6089,FsV
6090,FTA
6091,FTR
6092,FTN
6093,FTD
6094,FTC
6095,FTQ
6096,FTE
6097,FTG
6098,FTH
6099,FTI
6100,FTL
6101,FTK
6102,FTM
6103,FTF
6104,FTP
6105,FTS
6106,FTs
6107,FTT
6108,FTW
6109,FTY
6110,FTV
6111,FWA
6112,FWR
6113,FWN
6114,FWD
6115,FWC
6116,FWQ
6117,FWE
6118,FWG
6119,FWH
6120,FWI
6121,FWL
6122,FWK
6123,FWM
6124,FWF
6125,FWP
6126,FWS
6127,FWs
6128,FWT
6129,FWW
6130,FWY
6131,FWV
6132,FYA
6133,FYR
6134,FYN
6135,FYD
6136,FYC
6137,FYQ
6138,FYE
6139,FYG
6140,FYH
6141,FYI
6142,FYL
6143,FYK
6144,FYM
6145,FYF
6146,FYP
6147,FYS
6148,FYs
6149,FYT
6150,FYW
6151,FYY
6152,FYV
6153,FVA
6154,FVR
6155,FVN
6156,FVD
6157,FVC
6158,FVQ
6159,FVE
6160,FVG
6161,FVH
6162,FVI
6163,FVL
6164,FVK
6165,FVM
6166,FVF
6167,FVP
6168,FVS
6169,FVs
6170,FVT
6171,FVW
6172,FVY
6173,FVV
6174,PAA
6175,PAR
6176,PAN
6177,PAD
6178,PAC
6179,PAQ
6180,PAE
6181,PAG
6182,PAH
6183,PAI
6184,PAL
6185,PAK
6186,PAM
6187,PAF
6188,PAP
6189,PAS
6190,PAs
6191,PAT
6192,PAW
6193,PAY
6194,PAV
6195,PRA
6196,PRR
6197,PRN
6198,PRD
6199,PRC
6200,PRQ
6201,PRE
6202,PRG
6203,PRH
6204,PRI
6205,PRL
6206,PRK
6207,PRM
6208,PRF
6209,PRP
6210,PRS
6211,PRs
6212,PRT
6213,PRW
6214,PRY
6215,PRV
6216,PNA
6217,PNR
6218,PNN
6219,PND
6220,PNC
6221,PNQ
6222,PNE
6223,PNG
6224,PNH
6225,PNI
6226,PNL
6227,PNK
6228,PNM
6229,PNF
6230,PNP
6231,PNS
6232,PNs
6233,PNT
6234,PNW
6235,PNY
6236,PNV
6237,PDA
6238,PDR
6239,PDN
6240,PDD
6241,PDC
6242,PDQ
6243,PDE
6244,PDG
6245,PDH
6246,PDI
6247,PDL
6248,PDK
6249,PDM
6250,PDF
6251,PDP
6252,PDS
6253,PDs
6254,PDT
6255,PDW
6256,PDY
6257,PDV
6258,PCA
6259,PCR
6260,PCN
6261,PCD
6262,PCC
6263,PCQ
6264,PCE
6265,PCG
6266,PCH
6267,PCI
6268,PCL
6269,PCK
6270,PCM
6271,PCF
6272,PCP
6273,PCS
6274,PCs
6275,PCT
6276,PCW
6277,PCY
6278,PCV
6279,PQA
6280,PQR
6281,PQN
6282,PQD
6283,PQC
6284,PQQ
6285,PQE
6286,PQG
6287,PQH
6288,PQI
6289,PQL
6290,PQK
6291,PQM
6292,PQF
6293,PQP
6294,PQS
6295,PQs
6296,PQT
6297,PQW
6298,PQY
6299,PQV
6300,PEA
6301,PER
6302,PEN
6303,PED
6304,PEC
6305,PEQ
6306,PEE
6307,PEG
6308,PEH
6309,PEI
6310,PEL
6311,PEK
6312,PEM
6313,PEF
6314,PEP
6315,PES
6316,PEs
6317,PET
6318,PEW
6319,PEY
6320,PEV
6321,PGA
6322,PGR
6323,PGN
6324,PGD
6325,PGC
6326,PGQ
6327,PGE
6328,PGG
6329,PGH
6330,PGI
6331,PGL
6332,PGK
6333,PGM
6334,PGF
6335,PGP
6336,PGS
6337,PGs
6338,PGT
6339,PGW
6340,PGY
6341,PGV
6342,PHA
6343,PHR
6344,PHN
6345,PHD
6346,PHC
6347,PHQ
6348,PHE
6349,PHG
6350,PHH
6351,PHI
6352,PHL
6353,PHK
6354,PHM
6355,PHF
6356,PHP
6357,PHS
6358,PHs
6359,PHT
6360,PHW
6361,PHY
6362,PHV
6363,PIA
6364,PIR
6365,PIN
6366,PID
6367,PIC
6368,PIQ
6369,PIE
6370,PIG
6371,PIH
6372,PII
6373,PIL
6374,PIK
6375,PIM
6376,PIF
6377,PIP
6378,PIS
6379,PIs
6380,PIT
6381,PIW
6382,PIY
6383,PIV
6384,PLA
6385,PLR
6386,PLN
6387,PLD
6388,PLC
6389,PLQ
6390,PLE
6391,PLG
6392,PLH
6393,PLI
6394,PLL
6395,PLK
6396,PLM
6397,PLF
6398,PLP
6399,PLS
6400,PLs
6401,PLT
6402,PLW
6403,PLY
6404,PLV
6405,PKA
6406,PKR
6407,PKN
6408,PKD
6409,PKC
6410,PKQ
6411,PKE
6412,PKG
6413,PKH
6414,PKI
6415,PKL
6416,PKK
6417,PKM
6418,PKF
6419,PKP
6420,PKS
6421,PKs
6422,PKT
6423,PKW
6424,PKY
6425,PKV
6426,PMA
6427,PMR
6428,PMN
6429,PMD
6430,PMC
6431,PMQ
6432,PME
6433,PMG
6434,PMH
6435,PMI
6436,PML
6437,PMK
6438,PMM
6439,PMF
6440,PMP
6441,PMS
6442,PMs
6443,PMT
6444,PMW
6445,PMY
6446,PMV
6447,PFA
6448,PFR
6449,PFN
6450,PFD
6451,PFC
6452,PFQ
6453,PFE
6454,PFG
6455,PFH
6456,PFI
6457,PFL
6458,PFK
6459,PFM
6460,PFF
6461,PFP
6462,PFS
6463,PFs
6464,PFT
6465,PFW
6466,PFY
6467,PFV
6468,PPA
6469,PPR
6470,PPN
6471,PPD
6472,PPC
6473,PPQ
6474,PPE
6475,PPG
6476,PPH
6477,PPI
6478,PPL
6479,PPK
6480,PPM
6481,PPF
6482,PPP
6483,PPS
6484,PPs
6485,PPT
6486,PPW
6487,PPY
6488,PPV
6489,PSA
6490,PSR
6491,PSN
6492,PSD
6493,PSC
6494,PSQ
6495,PSE
6496,PSG
6497,PSH
6498,PSI
6499,PSL
6500,PSK
6501,PSM
6502,PSF
6503,PSP
6504,PSS
6505,PSs
6506,PST
6507,PSW
6508,PSY
6509,PSV
6510,PsA
6511,PsR
6512,PsN
6513,PsD
6514,PsC
6515,PsQ
6516,PsE
6517,PsG
6518,PsH
6519,PsI
6520,PsL
6521,PsK
6522,PsM
6523,PsF
6524,PsP
6525,PsS
6526,Pss
6527,PsT
6528,PsW
6529,PsY
6530,PsV
6531,PTA
6532,PTR
6533,PTN
6534,PTD
6535,PTC
6536,PTQ
6537,PTE
6538,PTG
6539,PTH
6540,PTI
6541,PTL
6542,PTK
6543,PTM
6544,PTF
6545,PTP
6546,PTS
6547,PTs
6548,PTT
6549,PTW
6550,PTY
6551,PTV
6552,PWA
6553,PWR
6554,PWN
6555,PWD
6556,PWC
6557,PWQ
6558,PWE
6559,PWG
6560,PWH
6561,PWI
6562,PWL
6563,PWK
6564,PWM
6565,PWF
6566,PWP
6567,PWS
6568,PWs
6569,PWT
6570,PWW
6571,PWY
6572,PWV
6573,PYA
6574,PYR
6575,PYN
6576,PYD
6577,PYC
6578,PYQ
6579,PYE
6580,PYG
6581,PYH
6582,PYI
6583,PYL
6584,PYK
6585,PYM
6586,PYF
6587,PYP
6588,PYS
6589,PYs
6590,PYT
6591,PYW
6592,PYY
6593,PYV
6594,PVA
6595,PVR
6596,PVN
6597,PVD
6598,PVC
6599,PVQ
6600,PVE
6601,PVG
6602,PVH
6603,PVI
6604,PVL
6605,PVK
6606,PVM
6607,PVF
6608,PVP
6609,PVS
6610,PVs
6611,PVT
6612,PVW
6613,PVY
6614,PVV
6615,SAA
6616,SAR
6617,SAN
6618,SAD
6619,SAC
6620,SAQ
6621,SAE
6622,SAG
6623,SAH
6624,SAI
6625,SAL
6626,SAK
6627,SAM
6628,SAF
6629,SAP
6630,SAS
6631,SAs
6632,SAT
6633,SAW
6634,SAY
6635,SAV
6636,SRA
6637,SRR
6638,SRN
6639,SRD
6640,SRC
6641,SRQ
6642,SRE
6643,SRG
6644,SRH
6645,SRI
6646,SRL
6647,SRK
6648,SRM
6649,SRF
6650,SRP
6651,SRS
6652,SRs
6653,SRT
6654,SRW
6655,SRY
6656,SRV
6657,SNA
6658,SNR
6659,SNN
6660,SND
6661,SNC
6662,SNQ
6663,SNE
6664,SNG
6665,SNH
6666,SNI
6667,SNL
6668,SNK
6669,SNM
6670,SNF
6671,SNP
6672,SNS
6673,SNs
6674,SNT
6675,SNW
6676,SNY
6677,SNV
6678,SDA
6679,SDR
6680,SDN
6681,SDD
6682,SDC
6683,SDQ
6684,SDE
6685,SDG
6686,SDH
6687,SDI
6688,SDL
6689,SDK
6690,SDM
6691,SDF
6692,SDP
6693,SDS
6694,SDs
6695,SDT
6696,SDW
6697,SDY
6698,SDV
6699,SCA
6700,SCR
6701,SCN
6702,SCD
6703,SCC
6704,SCQ
6705,SCE
6706,SCG
6707,SCH
6708,SCI
6709,SCL
6710,SCK
6711,SCM
6712,SCF
6713,SCP
6714,SCS
6715,SCs
6716,SCT
6717,SCW
6718,SCY
6719,SCV
6720,SQA
6721,SQR
6722,SQN
6723,SQD
6724,SQC
6725,SQQ
6726,SQE
6727,SQG
6728,SQH
6729,SQI
6730,SQL
6731,SQK
6732,SQM
6733,SQF
6734,SQP
6735,SQS
6736,SQs
6737,SQT
6738,SQW
6739,SQY
6740,SQV
6741,SEA
6742,SER
6743,SEN
6744,SED
6745,SEC
6746,SEQ
6747,SEE
6748,SEG
6749,SEH
6750,SEI
6751,SEL
6752,SEK
6753,SEM
6754,SEF
6755,SEP
6756,SES
6757,SEs
6758,SET
6759,SEW
6760,SEY
6761,SEV
6762,SGA
6763,SGR
6764,SGN
6765,SGD
6766,SGC
6767,SGQ
6768,SGE
6769,SGG
6770,SGH
6771,SGI
6772,SGL
6773,SGK
6774,SGM
6775,SGF
6776,SGP
6777,SGS
6778,SGs
6779,SGT
6780,SGW
6781,SGY
6782,SGV
6783,SHA
6784,SHR
6785,SHN
6786,SHD
6787,SHC
6788,SHQ
6789,SHE
6790,SHG
6791,SHH
6792,SHI
6793,SHL
6794,SHK
6795,SHM
6796,SHF
6797,SHP
6798,SHS
6799,SHs
6800,SHT
6801,SHW
6802,SHY
6803,SHV
6804,SIA
6805,SIR
6806,SIN
6807,SID
6808,SIC
6809,SIQ
6810,SIE
6811,SIG
6812,SIH
6813,SII
6814,SIL
6815,SIK
6816,SIM
6817,SIF
6818,SIP
6819,SIS
6820,SIs
6821,SIT
6822,SIW
6823,SIY
6824,SIV
6825,SLA
6826,SLR
6827,SLN
6828,SLD
6829,SLC
6830,SLQ
6831,SLE
6832,SLG
6833,SLH
6834,SLI
6835,SLL
6836,SLK
6837,SLM
6838,SLF
6839,SLP
6840,SLS
6841,SLs
6842,SLT
6843,SLW
6844,SLY
6845,SLV
6846,SKA
6847,SKR
6848,SKN
6849,SKD
6850,SKC
6851,SKQ
6852,SKE
6853,SKG
6854,SKH
6855,SKI
6856,SKL
6857,SKK
6858,SKM
6859,SKF
6860,SKP
6861,SKS
6862,SKs
6863,SKT
6864,SKW
6865,SKY
6866,SKV
6867,SMA
6868,SMR
6869,SMN
6870,SMD
6871,SMC
6872,SMQ
6873,SME
6874,SMG
6875,SMH
6876,SMI
6877,SML
6878,SMK
6879,SMM
6880,SMF
6881,SMP
6882,SMS
6883,SMs
6884,SMT
6885,SMW
6886,SMY
6887,SMV
6888,SFA
6889,SFR
6890,SFN
6891,SFD
6892,SFC
6893,SFQ
6894,SFE
6895,SFG
6896,SFH
6897,SFI
6898,SFL
6899,SFK
6900,SFM
6901,SFF
6902,SFP
6903,SFS
6904,SFs
6905,SFT
6906,SFW
6907,SFY
6908,SFV
6909,SPA
6910,SPR
6911,SPN
6912,SPD
6913,SPC
6914,SPQ
6915,SPE
6916,SPG
6917,SPH
6918,SPI
6919,SPL
6920,SPK
6921,SPM
6922,SPF
6923,SPP
6924,SPS
6925,SPs
6926,SPT
6927,SPW
6928,SPY
6929,SPV
6930,SSA
6931,SSR
6932,SSN
6933,SSD
6934,SSC
6935,SSQ
6936,SSE
6937,SSG
6938,SSH
6939,SSI
6940,SSL
6941,SSK
6942,SSM
6943,SSF
6944,SSP
6945,SSS
6946,SSs
6947,SST
6948,SSW
6949,SSY
6950,SSV
6951,SsA
6952,SsR
6953,SsN
6954,SsD
6955,SsC
6956,SsQ
6957,SsE
6958,SsG
6959,SsH
6960,SsI
6961,SsL
6962,SsK
6963,SsM
6964,SsF
6965,SsP
6966,SsS
6967,Sss
6968,SsT
6969,SsW
6970,SsY
6971,SsV
6972,STA
6973,STR
6974,STN
6975,STD
6976,STC
6977,STQ
6978,STE
6979,STG
6980,STH
6981,STI
6982,STL
6983,STK
6984,STM
6985,STF
6986,STP
6987,STS
6988,STs
6989,STT
6990,STW
6991,STY
6992,STV
6993,SWA
6994,SWR
6995,SWN
6996,SWD
6997,SWC
6998,SWQ
6999,SWE
7000,SWG
7001,SWH
7002,SWI
7003,SWL
7004,SWK
7005,SWM
7006,SWF
7007,SWP
7008,SWS
7009,SWs
7010,SWT
7011,SWW
7012,SWY
7013,SWV
7014,SYA
7015,SYR
7016,SYN
7017,SYD
7018,SYC
7019,SYQ
7020,SYE
7021,SYG
7022,SYH
7023,SYI
7024,SYL
7025,SYK
7026,SYM
7027,SYF
7028,SYP
7029,SYS
7030,SYs
7031,SYT
7032,SYW
7033,SYY
7034,SYV
7035,SVA
7036,SVR
7037,SVN
7038,SVD
7039,SVC
7040,SVQ
7041,SVE
7042,SVG
7043,SVH
7044,SVI
7045,SVL
7046,SVK
7047,SVM
7048,SVF
7049,SVP
7050,SVS
7051,SVs
7052,SVT
7053,SVW
7054,SVY
7055,SVV
7056,sAA
7057,sAR
7058,sAN
7059,sAD
7060,sAC
7061,sAQ
7062,sAE
7063,sAG
7064,sAH
7065,sAI
7066,sAL
7067,sAK
7068,sAM
7069,sAF
7070,sAP
7071,sAS
7072,sAs
7073,sAT
7074,sAW
7075,sAY
7076,sAV
7077,sRA
7078,sRR
7079,sRN
7080,sRD
7081,sRC
7082,sRQ
7083,sRE
7084,sRG
7085,sRH
7086,sRI
7087,sRL
7088,sRK
7089,sRM
7090,sRF
7091,sRP
7092,sRS
7093,sRs
7094,sRT
7095,sRW
7096,sRY
7097,sRV
7098,sNA
7099,sNR
7100,sNN
7101,sND
7102,sNC
7103,sNQ
7104,sNE
7105,sNG
7106,sNH
7107,sNI
7108,sNL
7109,sNK
7110,sNM
7111,sNF
7112,sNP
7113,sNS
7114,sNs
7115,sNT
7116,sNW
7117,sNY
7118,sNV
7119,sDA
7120,sDR
7121,sDN
7122,sDD
7123,sDC
7124,sDQ
7125,sDE
7126,sDG
7127,sDH
7128,sDI
7129,sDL
7130,sDK
7131,sDM
7132,sDF
7133,sDP
7134,sDS
7135,sDs
7136,sDT
7137,sDW
7138,sDY
7139,sDV
7140,sCA
7141,sCR
7142,sCN
7143,sCD
7144,sCC
7145,sCQ
7146,sCE
7147,sCG
7148,sCH
7149,sCI
7150,sCL
7151,sCK
7152,sCM
7153,sCF
7154,sCP
7155,sCS
7156,sCs
7157,sCT
7158,sCW
7159,sCY
7160,sCV
7161,sQA
7162,sQR
7163,sQN
7164,sQD
7165,sQC
7166,sQQ
7167,sQE
7168,sQG
7169,sQH
7170,sQI
7171,sQL
7172,sQK
7173,sQM
7174,sQF
7175,sQP
7176,sQS
7177,sQs
7178,sQT
7179,sQW
7180,sQY
7181,sQV
7182,sEA
7183,sER
7184,sEN
7185,sED
7186,sEC
7187,sEQ
7188,sEE
7189,sEG
7190,sEH
7191,sEI
7192,sEL
7193,sEK
7194,sEM
7195,sEF
7196,sEP
7197,sES
7198,sEs
7199,sET
7200,sEW
7201,sEY
7202,sEV
7203,sGA
7204,sGR
7205,sGN
7206,sGD
7207,sGC
7208,sGQ
7209,sGE
7210,sGG
7211,sGH
7212,sGI
7213,sGL
7214,sGK
7215,sGM
7216,sGF
7217,sGP
7218,sGS
7219,sGs
7220,sGT
7221,sGW
7222,sGY
7223,sGV
7224,sHA
7225,sHR
7226,sHN
7227,sHD
7228,sHC
7229,sHQ
7230,sHE
7231,sHG
7232,sHH
7233,sHI
7234,sHL
7235,sHK
7236,sHM
7237,sHF
7238,sHP
7239,sHS
7240,sHs
7241,sHT
7242,sHW
7243,sHY
7244,sHV
7245,sIA
7246,sIR
7247,sIN
7248,sID
7249,sIC
7250,sIQ
7251,sIE
7252,sIG
7253,sIH
7254,sII
7255,sIL
7256,sIK
7257,sIM
7258,sIF
7259,sIP
7260,sIS
7261,sIs
7262,sIT
7263,sIW
7264,sIY
7265,sIV
7266,sLA
7267,sLR
7268,sLN
7269,sLD
7270,sLC
7271,sLQ
7272,sLE
7273,sLG
7274,sLH
7275,sLI
7276,sLL
7277,sLK
7278,sLM
7279,sLF
7280,sLP
7281,sLS
7282,sLs
7283,sLT
7284,sLW
7285,sLY
7286,sLV
7287,sKA
7288,sKR
7289,sKN
7290,sKD
7291,sKC
7292,sKQ
7293,sKE
7294,sKG
7295,sKH
7296,sKI
7297,sKL
7298,sKK
7299,sKM
7300,sKF
7301,sKP
7302,sKS
7303,sKs
7304,sKT
7305,sKW
7306,sKY
7307,sKV
7308,sMA
7309,sMR
7310,sMN
7311,sMD
7312,sMC
7313,sMQ
7314,sME
7315,sMG
7316,sMH
7317,sMI
7318,sML
7319,sMK
7320,sMM
7321,sMF
7322,sMP
7323,sMS
7324,sMs
7325,sMT
7326,sMW
7327,sMY
7328,sMV
7329,sFA
7330,sFR
7331,sFN
7332,sFD
7333,sFC
7334,sFQ
7335,sFE
7336,sFG
7337,sFH
7338,sFI
7339,sFL
7340,sFK
7341,sFM
7342,sFF
7343,sFP
7344,sFS
7345,sFs
7346,sFT
7347,sFW
7348,sFY
7349,sFV
7350,sPA
7351,sPR
7352,sPN
7353,sPD
7354,sPC
7355,sPQ
7356,sPE
7357,sPG
7358,sPH
7359,sPI
7360,sPL
7361,sPK
7362,sPM
7363,sPF
7364,sPP
7365,sPS
7366,sPs
7367,sPT
7368,sPW
7369,sPY
7370,sPV
7371,sSA
7372,sSR
7373,sSN
7374,sSD
7375,sSC
7376,sSQ
7377,sSE
7378,sSG
7379,sSH
7380,sSI
7381,sSL
7382,sSK
7383,sSM
7384,sSF
7385,sSP
7386,sSS
7387,sSs
7388,sST
7389,sSW
7390,sSY
7391,sSV
7392,ssA
7393,ssR
7394,ssN
7395,ssD
7396,ssC
7397,ssQ
7398,ssE
7399,ssG
7400,ssH
7401,ssI
7402,ssL
7403,ssK
7404,ssM
7405,ssF
7406,ssP
7407,ssS
7408,sss
7409,ssT
7410,ssW
7411,ssY
7412,ssV
7413,sTA
7414,sTR
7415,sTN
7416,sTD
7417,sTC
7418,sTQ
7419,sTE
7420,sTG
7421,sTH
7422,sTI
7423,sTL
7424,sTK
7425,sTM
7426,sTF
7427,sTP
7428,sTS
7429,sTs
7430,sTT
7431,sTW
7432,sTY
7433,sTV
7434,sWA
7435,sWR
7436,sWN
7437,sWD
7438,sWC
7439,sWQ
7440,sWE
7441,sWG
7442,sWH
7443,sWI
7444,sWL
7445,sWK
7446,sWM
7447,sWF
7448,sWP
7449,sWS
7450,sWs
7451,sWT
7452,sWW
7453,sWY
7454,sWV
7455,sYA
7456,sYR
7457,sYN
7458,sYD
7459,sYC
7460,sYQ
7461,sYE
7462,sYG
7463,sYH
7464,sYI
7465,sYL
7466,sYK
7467,sYM
7468,sYF
7469,sYP
7470,sYS
7471,sYs
7472,sYT
7473,sYW
7474,sYY
7475,sYV
7476,sVA
7477,sVR
7478,sVN
7479,sVD
7480,sVC
7481,sVQ
7482,sVE
7483,sVG
7484,sVH
7485,sVI
7486,sVL
7487,sVK
7488,sVM
7489,sVF
7490,sVP
7491,sVS
7492,sVs
7493,sVT
7494,sVW
7495,sVY
7496,sVV
7497,TAA
7498,TAR
7499,TAN
7500,TAD
7501,TAC
7502,TAQ
7503,TAE
7504,TAG
7505,TAH
7506,TAI
7507,TAL
7508,TAK
7509,TAM
7510,TAF
7511,TAP
7512,TAS
7513,TAs
7514,TAT
7515,TAW
7516,TAY
7517,TAV
7518,TRA
7519,TRR
7520,TRN
7521,TRD
7522,TRC
7523,TRQ
7524,TRE
7525,TRG
7526,TRH
7527,TRI
7528,TRL
7529,TRK
7530,TRM
7531,TRF
7532,TRP
7533,TRS
7534,TRs
7535,TRT
7536,TRW
7537,TRY
7538,TRV
7539,TNA
7540,TNR
7541,TNN
7542,TND
7543,TNC
7544,TNQ
7545,TNE
7546,TNG
7547,TNH
7548,TNI
7549,TNL
7550,TNK
7551,TNM
7552,TNF
7553,TNP
7554,TNS
7555,TNs
7556,TNT
7557,TNW
7558,TNY
7559,TNV
7560,TDA
7561,TDR
7562,TDN
7563,TDD
7564,TDC
7565,TDQ
7566,TDE
7567,TDG
7568,TDH
7569,TDI
7570,TDL
7571,TDK
7572,TDM
7573,TDF
7574,TDP
7575,TDS
7576,TDs
7577,TDT
7578,TDW
7579,TDY
7580,TDV
7581,TCA
7582,TCR
7583,TCN
7584,TCD
7585,TCC
7586,TCQ
7587,TCE
7588,TCG
7589,TCH
7590,TCI
7591,TCL
7592,TCK
7593,TCM
7594,TCF
7595,TCP
7596,TCS
7597,TCs
7598,TCT
7599,TCW
7600,TCY
7601,TCV
7602,TQA
7603,TQR
7604,TQN
7605,TQD
7606,TQC
7607,TQQ
7608,TQE
7609,TQG
7610,TQH
7611,TQI
7612,TQL
7613,TQK
7614,TQM
7615,TQF
7616,TQP
7617,TQS
7618,TQs
7619,TQT
7620,TQW
7621,TQY
7622,TQV
7623,TEA
7624,TER
7625,TEN
7626,TED
7627,TEC
7628,TEQ
7629,TEE
7630,TEG
7631,TEH
7632,TEI
7633,TEL
7634,TEK
7635,TEM
7636,TEF
7637,TEP
7638,TES
7639,TEs
7640,TET
7641,TEW
7642,TEY
7643,TEV
7644,TGA
7645,TGR
7646,TGN
7647,TGD
7648,TGC
7649,TGQ
7650,TGE
7651,TGG
7652,TGH
7653,TGI
7654,TGL
7655,TGK
7656,TGM
7657,TGF
7658,TGP
7659,TGS
7660,TGs
7661,TGT
7662,TGW
7663,TGY
7664,TGV
7665,THA
7666,THR
7667,THN
7668,THD
7669,THC
7670,THQ
7671,THE
7672,THG
7673,THH
7674,THI
7675,THL
7676,THK
7677,THM
7678,THF
7679,THP
7680,THS
7681,THs
7682,THT
7683,THW
7684,THY
7685,THV
7686,TIA
7687,TIR
7688,TIN
7689,TID
7690,TIC
7691,TIQ
7692,TIE
7693,TIG
7694,TIH
7695,TII
7696,TIL
7697,TIK
7698,TIM
7699,TIF
7700,TIP
7701,TIS
7702,TIs
7703,TIT
7704,TIW
7705,TIY
7706,TIV
7707,TLA
7708,TLR
7709,TLN
7710,TLD
7711,TLC
7712,TLQ
7713,TLE
7714,TLG
7715,TLH
7716,TLI
7717,TLL
7718,TLK
7719,TLM
7720,TLF
7721,TLP
7722,TLS
7723,TLs
7724,TLT
7725,TLW
7726,TLY
7727,TLV
7728,TKA
7729,TKR
7730,TKN
7731,TKD
7732,TKC
7733,TKQ
7734,TKE
7735,TKG
7736,TKH
7737,TKI
7738,TKL
7739,TKK
7740,TKM
7741,TKF
7742,TKP
7743,TKS
7744,TKs
7745,TKT
7746,TKW
7747,TKY
7748,TKV
7749,TMA
7750,TMR
7751,TMN
7752,TMD
7753,TMC
7754,TMQ
7755,TME
7756,TMG
7757,TMH
7758,TMI
7759,TML
7760,TMK
7761,TMM
7762,TMF
7763,TMP
7764,TMS
7765,TMs
7766,TMT
7767,TMW
7768,TMY
7769,TMV
7770,TFA
7771,TFR
7772,TFN
7773,TFD
7774,TFC
7775,TFQ
7776,TFE
7777,TFG
7778,TFH
7779,TFI
7780,TFL
7781,TFK
7782,TFM
7783,TFF
7784,TFP
7785,TFS
7786,TFs
7787,TFT
7788,TFW
7789,TFY
7790,TFV
7791,TPA
7792,TPR
7793,TPN
7794,TPD
7795,TPC
7796,TPQ
7797,TPE
7798,TPG
7799,TPH
7800,TPI
7801,TPL
7802,TPK
7803,TPM
7804,TPF
7805,TPP
7806,TPS
7807,TPs
7808,TPT
7809,TPW
7810,TPY
7811,TPV
7812,TSA
7813,TSR
7814,TSN
7815,TSD
7816,TSC
7817,TSQ
7818,TSE
7819,TSG
7820,TSH
7821,TSI
7822,TSL
7823,TSK
7824,TSM
7825,TSF
7826,TSP
7827,TSS
7828,TSs
7829,TST
7830,TSW
7831,TSY
7832,TSV
7833,TsA
7834,TsR
7835,TsN
7836,TsD
7837,TsC
7838,TsQ
7839,TsE
7840,TsG
7841,TsH
7842,TsI
7843,TsL
7844,TsK
7845,TsM
7846,TsF
7847,TsP
7848,TsS
7849,Tss
7850,TsT
7851,TsW
7852,TsY
7853,TsV
7854,TTA
7855,TTR
7856,TTN
7857,TTD
7858,TTC
7859,TTQ
7860,TTE
7861,TTG
7862,TTH
7863,TTI
7864,TTL
7865,TTK
7866,TTM
7867,TTF
7868,TTP
7869,TTS
7870,TTs
7871,TTT
7872,TTW
7873,TTY
7874,TTV
7875,TWA
7876,TWR
7877,TWN
7878,TWD
7879,TWC
7880,TWQ
7881,TWE
7882,TWG
7883,TWH
7884,TWI
7885,TWL
7886,TWK
7887,TWM
7888,TWF
7889,TWP
7890,TWS
7891,TWs
7892,TWT
7893,TWW
7894,TWY
7895,TWV
7896,TYA
7897,TYR
7898,TYN
7899,TYD
7900,TYC
7901,TYQ
7902,TYE
7903,TYG
7904,TYH
7905,TYI
7906,TYL
7907,TYK
7908,TYM
7909,TYF
7910,TYP
7911,TYS
7912,TYs
7913,TYT
7914,TYW
7915,TYY
7916,TYV
7917,TVA
7918,TVR
7919,TVN
7920,TVD
7921,TVC
7922,TVQ
7923,TVE
7924,TVG
7925,TVH
7926,TVI
7927,TVL
7928,TVK
7929,TVM
7930,TVF
7931,TVP
7932,TVS
7933,TVs
7934,TVT
7935,TVW
7936,TVY
7937,TVV
7938,WAA
7939,WAR
7940,WAN
7941,WAD
7942,WAC
7943,WAQ
7944,WAE
7945,WAG
7946,WAH
7947,WAI
7948,WAL
7949,WAK
7950,WAM
7951,WAF
7952,WAP
7953,WAS
7954,WAs
7955,WAT
7956,WAW
7957,WAY
7958,WAV
7959,WRA
7960,WRR
7961,WRN
7962,WRD
7963,WRC
7964,WRQ
7965,WRE
7966,WRG
7967,WRH
7968,WRI
7969,WRL
7970,WRK
7971,WRM
7972,WRF
7973,WRP
7974,WRS
7975,WRs
7976,WRT
7977,WRW
7978,WRY
7979,WRV
7980,WNA
7981,WNR
7982,WNN
7983,WND
7984,WNC
7985,WNQ
7986,WNE
7987,WNG
7988,WNH
7989,WNI
7990,WNL
7991,WNK
7992,WNM
7993,WNF
7994,WNP
7995,WNS
7996,WNs
7997,WNT
7998,WNW
7999,WNY
8000,WNV
8001,WDA
8002,WDR
8003,WDN
8004,WDD
8005,WDC
8006,WDQ
8007,WDE
8008,WDG
8009,WDH
8010,WDI
8011,WDL
8012,WDK
8013,WDM
8014,WDF
8015,WDP
8016,WDS
8017,WDs
8018,WDT
8019,WDW
8020,WDY
8021,WDV
8022,WCA
8023,WCR
8024,WCN
8025,WCD
8026,WCC
8027,WCQ
8028,WCE
8029,WCG
8030,WCH
8031,WCI
8032,WCL
8033,WCK
8034,WCM
8035,WCF
8036,WCP
8037,WCS
8038,WCs
8039,WCT
8040,WCW
8041,WCY
8042,WCV
8043,WQA
8044,WQR
8045,WQN
8046,WQD
8047,WQC
8048,WQQ
8049,WQE
8050,WQG
8051,WQH
8052,WQI
8053,WQL
8054,WQK
8055,WQM
8056,WQF
8057,WQP
8058,WQS
8059,WQs
8060,WQT
8061,WQW
8062,WQY
8063,WQV
8064,WEA
8065,WER
8066,WEN
8067,WED
8068,WEC
8069,WEQ
8070,WEE
8071,WEG
8072,WEH
8073,WEI
8074,WEL
8075,WEK
8076,WEM
8077,WEF
8078,WEP
8079,WES
8080,WEs
8081,WET
8082,WEW
8083,WEY
8084,WEV
8085,WGA
8086,WGR
8087,WGN
8088,WGD
8089,WGC
8090,WGQ
8091,WGE
8092,WGG
8093,WGH
8094,WGI
8095,WGL
8096,WGK
8097,WGM
8098,WGF
8099,WGP
8100,WGS
8101,WGs
8102,WGT
8103,WGW
8104,WGY
8105,WGV
8106,WHA
8107,WHR
8108,WHN
8109,WHD
8110,WHC
8111,WHQ
8112,WHE
8113,WHG
8114,WHH
8115,WHI
8116,WHL
8117,WHK
8118,WHM
8119,WHF
8120,WHP
8121,WHS
8122,WHs
8123,WHT
8124,WHW
8125,WHY
8126,WHV
8127,WIA
8128,WIR
8129,WIN
8130,WID
8131,WIC
8132,WIQ
8133,WIE
8134,WIG
8135,WIH
8136,WII
8137,WIL
8138,WIK
8139,WIM
8140,WIF
8141,WIP
8142,WIS
8143,WIs
8144,WIT
8145,WIW
8146,WIY
8147,WIV
8148,WLA
8149,WLR
8150,WLN
8151,WLD
8152,WLC
8153,WLQ
8154,WLE
8155,WLG
8156,WLH
8157,WLI
8158,WLL
8159,WLK
8160,WLM
8161,WLF
8162,WLP
8163,WLS
8164,WLs
8165,WLT
8166,WLW
8167,WLY
8168,WLV
8169,WKA
8170,WKR
8171,WKN
8172,WKD
8173,WKC
8174,WKQ
8175,WKE
8176,WKG
8177,WKH
8178,WKI
8179,WKL
8180,WKK
8181,WKM
8182,WKF
8183,WKP
8184,WKS
8185,WKs
8186,WKT
8187,WKW
8188,WKY
8189,WKV
8190,WMA
8191,WMR
8192,WMN
8193,WMD
8194,WMC
8195,WMQ
8196,WME
8197,WMG
8198,WMH
8199,WMI
8200,WML
8201,WMK
8202,WMM
8203,WMF
8204,WMP
8205,WMS
8206,WMs
8207,WMT
8208,WMW
8209,WMY
8210,WMV
8211,WFA
8212,WFR
8213,WFN
8214,WFD
8215,WFC
8216,WFQ
8217,WFE
8218,WFG
8219,WFH
8220,WFI
8221,WFL
8222,WFK
8223,WFM
8224,WFF
8225,WFP
8226,WFS
8227,WFs
8228,WFT
8229,WFW
8230,WFY
8231,WFV
8232,WPA
8233,WPR
8234,WPN
8235,WPD
8236,WPC
8237,WPQ
8238,WPE
8239,WPG
8240,WPH
8241,WPI
8242,WPL
8243,WPK
8244,WPM
8245,WPF
8246,WPP
8247,WPS
8248,WPs
8249,WPT
8250,WPW
8251,WPY
8252,WPV
8253,WSA
8254,WSR
8255,WSN
8256,WSD
8257,WSC
8258,WSQ
8259,WSE
8260,WSG
8261,WSH
8262,WSI
8263,WSL
8264,WSK
8265,WSM
8266,WSF
8267,WSP
8268,WSS
8269,WSs
8270,WST
8271,WSW
8272,WSY
8273,WSV
8274,WsA
8275,WsR
8276,WsN
8277,WsD
8278,WsC
8279,WsQ
8280,WsE
8281,WsG
8282,WsH
8283,WsI
8284,WsL
8285,WsK
8286,WsM
8287,WsF
8288,WsP
8289,WsS
8290,Wss
8291,WsT
8292,WsW
8293,WsY
8294,WsV
8295,WTA
8296,WTR
8297,WTN
8298,WTD
8299,WTC
8300,WTQ
8301,WTE
8302,WTG
8303,WTH
8304,WTI
8305,WTL
8306,WTK
8307,WTM
8308,WTF
8309,WTP
8310,WTS
8311,WTs
8312,WTT
8313,WTW
8314,WTY
8315,WTV
8316,WWA
8317,WWR
8318,WWN
8319,WWD
8320,WWC
8321,WWQ
8322,WWE
8323,WWG
8324,WWH
8325,WWI
8326,WWL
8327,WWK
8328,WWM
8329,WWF
8330,WWP
8331,WWS
8332,WWs
8333,WWT
8334,WWW
8335,WWY
8336,WWV
8337,WYA
8338,WYR
8339,WYN
8340,WYD
8341,WYC
8342,WYQ
8343,WYE
8344,WYG
8345,WYH
8346,WYI
8347,WYL
8348,WYK
8349,WYM
8350,WYF
8351,WYP
8352,WYS
8353,WYs
8354,WYT
8355,WYW
8356,WYY
8357,WYV
8358,WVA
8359,WVR
8360,WVN
8361,WVD
8362,WVC
8363,WVQ
8364,WVE
8365,WVG
8366,WVH
8367,WVI
8368,WVL
8369,WVK
8370,WVM
8371,WVF
8372,WVP
8373,WVS
8374,WVs
8375,WVT
8376,WVW
8377,WVY
8378,WVV
8379,YAA
8380,YAR
8381,YAN
8382,YAD
8383,YAC
8384,YAQ
8385,YAE
8386,YAG
8387,YAH
8388,YAI
8389,YAL
8390,YAK
8391,YAM
8392,YAF
8393,YAP
8394,YAS
8395,YAs
8396,YAT
8397,YAW
8398,YAY
8399,YAV
8400,YRA
8401,YRR
8402,YRN
8403,YRD
8404,YRC
8405,YRQ
8406,YRE
8407,YRG
8408,YRH
8409,YRI
8410,YRL
8411,YRK
8412,YRM
8413,YRF
8414,YRP
8415,YRS
8416,YRs
8417,YRT
8418,YRW
8419,YRY
8420,YRV
8421,YNA
8422,YNR
8423,YNN
8424,YND
8425,YNC
8426,YNQ
8427,YNE
8428,YNG
8429,YNH
8430,YNI
8431,YNL
8432,YNK
8433,YNM
8434,YNF
8435,YNP
8436,YNS
8437,YNs
8438,YNT
8439,YNW
8440,YNY
8441,YNV
8442,YDA
8443,YDR
8444,YDN
8445,YDD
8446,YDC
8447,YDQ
8448,YDE
8449,YDG
8450,YDH
8451,YDI
8452,YDL
8453,YDK
8454,YDM
8455,YDF
8456,YDP
8457,YDS
8458,YDs
8459,YDT
8460,YDW
8461,YDY
8462,YDV
8463,YCA
8464,YCR
8465,YCN
8466,YCD
8467,YCC
8468,YCQ
8469,YCE
8470,YCG
8471,YCH
8472,YCI
8473,YCL
8474,YCK
8475,YCM
8476,YCF
8477,YCP
8478,YCS
8479,YCs
8480,YCT
8481,YCW
8482,YCY
8483,YCV
8484,YQA
8485,YQR
8486,YQN
8487,YQD
8488,YQC
8489,YQQ
8490,YQE
8491,YQG
8492,YQH
8493,YQI
8494,YQL
8495,YQK
8496,YQM
8497,YQF
8498,YQP
8499,YQS
8500,YQs
8501,YQT
8502,YQW
8503,YQY
8504,YQV
8505,YEA
8506,YER
8507,YEN
8508,YED
8509,YEC
8510,YEQ
8511,YEE
8512,YEG
8513,YEH
8514,YEI
8515,YEL
8516,YEK
8517,YEM
8518,YEF
8519,YEP
8520,YES
8521,YEs
8522,YET
8523,YEW
8524,YEY
8525,YEV
8526,YGA
8527,YGR
8528,YGN
8529,YGD
8530,YGC
8531,YGQ
8532,YGE
8533,YGG
8534,YGH
8535,YGI
8536,YGL
8537,YGK
8538,YGM
8539,YGF
8540,YGP
8541,YGS
8542,YGs
8543,YGT
8544,YGW
8545,YGY
8546,YGV
8547,YHA
8548,YHR
8549,YHN
8550,YHD
8551,YHC
8552,YHQ
8553,YHE
8554,YHG
8555,YHH
8556,YHI
8557,YHL
8558,YHK
8559,YHM
8560,YHF
8561,YHP
8562,YHS
8563,YHs
8564,YHT
8565,YHW
8566,YHY
8567,YHV
8568,YIA
8569,YIR
8570,YIN
8571,YID
8572,YIC
8573,YIQ
8574,YIE
8575,YIG
8576,YIH
8577,YII
8578,YIL
8579,YIK
8580,YIM
8581,YIF
8582,YIP
8583,YIS
8584,YIs
8585,YIT
8586,YIW
8587,YIY
8588,YIV
8589,YLA
8590,YLR
8591,YLN
8592,YLD
8593,YLC
8594,YLQ
8595,YLE
8596,YLG
8597,YLH
8598,YLI
8599,YLL
8600,YLK
8601,YLM
8602,YLF
8603,YLP
8604,YLS
8605,YLs
8606,YLT
8607,YLW
8608,YLY
8609,YLV
8610,YKA
8611,YKR
8612,YKN
8613,YKD
8614,YKC
8615,YKQ
8616,YKE
8617,YKG
8618,YKH
8619,YKI
8620,YKL
8621,YKK
8622,YKM
8623,YKF
8624,YKP
8625,YKS
8626,YKs
8627,YKT
8628,YKW
8629,YKY
8630,YKV
8631,YMA
8632,YMR
8633,YMN
8634,YMD
8635,YMC
8636,YMQ
8637,YME
8638,YMG
8639,YMH
8640,YMI
8641,YML
8642,YMK
8643,YMM
8644,YMF
8645,YMP
8646,YMS
8647,YMs
8648,YMT
8649,YMW
8650,YMY
8651,YMV
8652,YFA
8653,YFR
8654,YFN
8655,YFD
8656,YFC
8657,YFQ
8658,YFE
8659,YFG
8660,YFH
8661,YFI
8662,YFL
8663,YFK
8664,YFM
8665,YFF
8666,YFP
8667,YFS
8668,YFs
8669,YFT
8670,YFW
8671,YFY
8672,YFV
8673,YPA
8674,YPR
8675,YPN
8676,YPD
8677,YPC
8678,YPQ
8679,YPE
8680,YPG
8681,YPH
8682,YPI
8683,YPL
8684,YPK
8685,YPM
8686,YPF
8687,YPP
8688,YPS
8689,YPs
8690,YPT
8691,YPW
8692,YPY
8693,YPV
8694,YSA
8695,YSR
8696,YSN
8697,YSD
8698,YSC
8699,YSQ
8700,YSE
8701,YSG
8702,YSH
8703,YSI
8704,YSL
8705,YSK
8706,YSM
8707,YSF
8708,YSP
8709,YSS
8710,YSs
8711,YST
8712,YSW
8713,YSY
8714,YSV
8715,YsA
8716,YsR
8717,YsN
8718,YsD
8719,YsC
8720,YsQ
8721,YsE
8722,YsG
8723,YsH
8724,YsI
8725,YsL
8726,YsK
8727,YsM
8728,YsF
8729,YsP
8730,YsS
8731,Yss
8732,YsT
8733,YsW
8734,YsY
8735,YsV
8736,YTA
8737,YTR
8738,YTN
8739,YTD
8740,YTC
8741,YTQ
8742,YTE
8743,YTG
8744,YTH
8745,YTI
8746,YTL
8747,YTK
8748,YTM
8749,YTF
8750,YTP
8751,YTS
8752,YTs
8753,YTT
8754,YTW
8755,YTY
8756,YTV
8757,YWA
8758,YWR
8759,YWN
8760,YWD
8761,YWC
8762,YWQ
8763,YWE
8764,YWG
8765,YWH
8766,YWI
8767,YWL
8768,YWK
8769,YWM
8770,YWF
8771,YWP
8772,YWS
8773,YWs
8774,YWT
8775,YWW
8776,YWY
8777,YWV
8778,YYA
8779,YYR
8780,YYN
8781,YYD
8782,YYC
8783,YYQ
8784,YYE
8785,YYG
8786,YYH
8787,YYI
8788,YYL
8789,YYK
8790,YYM
8791,YYF
8792,YYP
8793,YYS
8794,YYs
8795,YYT
8796,YYW
8797,YYY
8798,YYV
8799,YVA
8800,YVR
8801,YVN
8802,YVD
8803,YVC
8804,YVQ
8805,YVE
8806,YVG
8807,YVH
8808,YVI
8809,YVL
8810,YVK
8811,YVM
8812,YVF
8813,YVP
8814,YVS
8815,YVs
8816,YVT
8817,YVW
8818,YVY
8819,YVV
8820,VAA
8821,VAR
8822,VAN
8823,VAD
8824,VAC
8825,VAQ
8826,VAE
8827,VAG
8828,VAH
8829,VAI
8830,VAL
8831,VAK
8832,VAM
8833,VAF
8834,VAP
8835,VAS
8836,VAs
8837,VAT
8838,VAW
8839,VAY
8840,VAV
8841,VRA
8842,VRR
8843,VRN
8844,VRD
8845,VRC
8846,VRQ
8847,VRE
8848,VRG
8849,VRH
8850,VRI
8851,VRL
8852,VRK
8853,VRM
8854,VRF
8855,VRP
8856,VRS
8857,VRs
8858,VRT
8859,VRW
8860,VRY
8861,VRV
8862,VNA
8863,VNR
8864,VNN
8865,VND
8866,VNC
8867,VNQ
8868,VNE
8869,VNG
8870,VNH
8871,VNI
8872,VNL
8873,VNK
8874,VNM
8875,VNF
8876,VNP
8877,VNS
8878,VNs
8879,VNT
8880,VNW
8881,VNY
8882,VNV
8883,VDA
8884,VDR
8885,VDN
8886,VDD
8887,VDC
8888,VDQ
8889,VDE
8890,VDG
8891,VDH
8892,VDI
8893,VDL
8894,VDK
8895,VDM
8896,VDF
8897,VDP
8898,VDS
8899,VDs
8900,VDT
8901,VDW
8902,VDY
8903,VDV
8904,VCA
8905,VCR
8906,VCN
8907,VCD
8908,VCC
8909,VCQ
8910,VCE
8911,VCG
8912,VCH
8913,VCI
8914,VCL
8915,VCK
8916,VCM
8917,VCF
8918,VCP
8919,VCS
8920,VCs
8921,VCT
8922,VCW
8923,VCY
8924,VCV
8925,VQA
8926,VQR
8927,VQN
8928,VQD
8929,VQC
8930,VQQ
8931,VQE
8932,VQG
8933,VQH
8934,VQI
8935,VQL
8936,VQK
8937,VQM
8938,VQF
8939,VQP
8940,VQS
8941,VQs
8942,VQT
8943,VQW
8944,VQY
8945,VQV
8946,VEA
8947,VER
8948,VEN
8949,VED
8950,VEC
8951,VEQ
8952,VEE
8953,VEG
8954,VEH
8955,VEI
8956,VEL
8957,VEK
8958,VEM
8959,VEF
8960,VEP
8961,VES
8962,VEs
8963,VET
8964,VEW
8965,VEY
8966,VEV
8967,VGA
8968,VGR
8969,VGN
8970,VGD
8971,VGC
8972,VGQ
8973,VGE
8974,VGG
8975,VGH
8976,VGI
8977,VGL
8978,VGK
8979,VGM
8980,VGF
8981,VGP
8982,VGS
8983,VGs
8984,VGT
8985,VGW
8986,VGY
8987,VGV
8988,VHA
8989,VHR
8990,VHN
8991,VHD
8992,VHC
8993,VHQ
8994,VHE
8995,VHG
8996,VHH
8997,VHI
8998,VHL
8999,VHK
9000,VHM
9001,VHF
9002,VHP
9003,VHS
9004,VHs
9005,VHT
9006,VHW
9007,VHY
9008,VHV
9009,VIA
9010,VIR
9011,VIN
9012,VID
9013,VIC
9014,VIQ
9015,VIE
9016,VIG
9017,VIH
9018,VII
9019,VIL
9020,VIK
9021,VIM
9022,VIF
9023,VIP
9024,VIS
9025,VIs
9026,VIT
9027,VIW
9028,VIY
9029,VIV
9030,VLA
9031,VLR
9032,VLN
9033,VLD
9034,VLC
9035,VLQ
9036,VLE
9037,VLG
9038,VLH
9039,VLI
9040,VLL
9041,VLK
9042,VLM
9043,VLF
9044,VLP
9045,VLS
9046,VLs
9047,VLT
9048,VLW
9049,VLY
9050,VLV
9051,VKA
9052,VKR
9053,VKN
9054,VKD
9055,VKC
9056,VKQ
9057,VKE
9058,VKG
9059,VKH
9060,VKI
9061,VKL
9062,VKK
9063,VKM
9064,VKF
9065,VKP
9066,VKS
9067,VKs
9068,VKT
9069,VKW
9070,VKY
9071,VKV
9072,VMA
9073,VMR
9074,VMN
9075,VMD
9076,VMC
9077,VMQ
9078,VME
9079,VMG
9080,VMH
9081,VMI
9082,VML
9083,VMK
9084,VMM
9085,VMF
9086,VMP
9087,VMS
9088,VMs
9089,VMT
9090,VMW
9091,VMY
9092,VMV
9093,VFA
9094,VFR
9095,VFN
9096,VFD
9097,VFC
9098,VFQ
9099,VFE
9100,VFG
9101,VFH
9102,VFI
9103,VFL
9104,VFK
9105,VFM
9106,VFF
9107,VFP
9108,VFS
9109,VFs
9110,VFT
9111,VFW
9112,VFY
9113,VFV
9114,VPA
9115,VPR
9116,VPN
9117,VPD
9118,VPC
9119,VPQ
9120,VPE
9121,VPG
9122,VPH
9123,VPI
9124,VPL
9125,VPK
9126,VPM
9127,VPF
9128,VPP
9129,VPS
9130,VPs
9131,VPT
9132,VPW
9133,VPY
9134,VPV
9135,VSA
9136,VSR
9137,VSN
9138,VSD
9139,VSC
9140,VSQ
9141,VSE
9142,VSG
9143,VSH
9144,VSI
9145,VSL
9146,VSK
9147,VSM
9148,VSF
9149,VSP
9150,VSS
9151,VSs
9152,VST
9153,VSW
9154,VSY
9155,VSV
9156,VsA
9157,VsR
9158,VsN
9159,VsD
9160,VsC
9161,VsQ
9162,VsE
9163,VsG
9164,VsH
9165,VsI
9166,VsL
9167,VsK
9168,VsM
9169,VsF
9170,VsP
9171,VsS
9172,Vss
9173,VsT
9174,VsW
9175,VsY
9176,VsV
9177,VTA
9178,VTR
9179,VTN
9180,VTD
9181,VTC
9182,VTQ
9183,VTE
9184,VTG
9185,VTH
9186,VTI
9187,VTL
9188,VTK
9189,VTM
9190,VTF
9191,VTP
9192,VTS
9193,VTs
9194,VTT
9195,VTW
9196,VTY
9197,VTV
9198,VWA
9199,VWR
9200,VWN
9201,VWD
9202,VWC
9203,VWQ
9204,VWE
9205,VWG
9206,VWH
9207,VWI
9208,VWL
9209,VWK
9210,VWM
9211,VWF
9212,VWP
9213,VWS
9214,VWs
9215,VWT
9216,VWW
9217,VWY
9218,VWV
9219,VYA
9220,VYR
9221,VYN
9222,VYD
9223,VYC
9224,VYQ
9225,VYE
9226,VYG
9227,VYH
9228,VYI
9229,VYL
9230,VYK
9231,VYM
9232,VYF
9233,VYP
9234,VYS
9235,VYs
9236,VYT
9237,VYW
9238,VYY
9239,VYV
9240,VVA
9241,VVR
9242,VVN
9243,VVD
9244,VVC
9245,VVQ
9246,VVE
9247,VVG
9248,VVH
9249,VVI
9250,VVL
9251,VVK
9252,VVM
9253,VVF
9254,VVP
9255,VVS
9256,VVs
9257,VVT
9258,VVW
9259,VVY
9260,VVV
